Workbook

Sheet 1_METHOD
A1: LOUIS VUITTON — HERITAGE SIGNATURE SCORE
A3: Question
A4: Does the form of a Louis Vuitton object carry the identity of the House on its own, independently of the Monogram and the initials?
A6: Method
A7: Each object is rated on eight visual features, none of which refers to the Monogram or to any logotype. The median profile of objects made between 1854 and 1949 defines the historical reference. Every object is then scored by its distance from that reference: S = 1 means an exact match to the historical profile, S = 0 means maximum deviation.
A9: Two indices are computed. S8 uses all eight features. S6 removes the two ornament features, so that no part of the score can be explained by the Monogram. The comparison between them is the central result.
A11: Validation
A12: Thirty black silhouettes — twenty Louis Vuitton objects and ten control-brand objects — are shown to respondents who are asked only whether each is a Louis Vuitton piece. The score is then correlated against recognition. Control brands are included so that recognition cannot be attributed to familiarity alone.
A14: Three rules fixed in advance
A15: The formula and the eight features were fixed before the survey was run.
A16: Survey objects were selected by their S value across the full range, not by appearance.
A17: Control brands are mandatory; without them the correlation demonstrates nothing.
... A28: Blue headers are entered by hand. Grey headers are computed.

Sheet 2_SCALES
A1: THE EIGHT FEATURES
A2: Rate only what is visible in the image, not what is remembered about the model. None of the eight features refers to the Monogram, the Damier check or any initials — that is the point of the study.
A4: rigidity | B4: Does the object hold its shape when empty?
B5: 1 — fully soft; sags, the contents give it its shape
B6: 2 — soft, with one rigid element such as a base or a batten
B7: 3 — holds its shape, but the walls flex noticeably
B8: 4 — rigid body with soft details such as a flap or pockets
B9: 5 — fully rigid frame on a wooden or fibre base
A12: edge_straightness | B12: How straight are the edges of the body?
B13: 1 — no straight section anywhere in the outline
B14: 2 — curves dominate; one or two straight sections
B15: 3 — straight and curved sections in roughly equal measure
B16: 4 — edges straight, corners noticeably rounded
B17: 5 — all edges straight, corners close to right angles
A20: geometry | B20: Does the outline reduce to a simple figure?
B21: 1 — organic form; does not reduce to a simple figure
B22: 2 — reduces only very approximately
B23: 3 — reduces with noticeable departures
B24: 4 — reduces with slight departures
B25: 5 — outline fully described by a rectangle, trapezoid or cylinder
A28: symmetry | B28: Mirror symmetry about the vertical axis
B29: 1 — clearly asymmetric in the body
B30: 2 — body nearly symmetric, with one large asymmetric element
B31: 3 — body symmetric; hardware and small details are not
B32: 4 — everything symmetric except one detail
B33: 5 — complete mirror symmetry, hardware included
A36: ornament_density | B36: Share of the surface under a repeating pattern
B37: 1 — no pattern, or under 10% of the surface
B38: 2 — pattern covers 10–30%
B39: 3 — pattern covers 30–50%
B40: 4 — pattern covers 50–80%
B41: 5 — pattern covers more than 80% of the surface
A44: ornament_regularity | B44: How strictly periodic the pattern is
B45: 1 — no pattern, or motifs placed without order
B46: 2 — order discernible but frequently broken
B47: 3 — a lattice with deliberate interruptions
B48: 4 — almost strict lattice, isolated exceptions
B49: 5 — strict periodic lattice with no exceptions
A52: hardware | B52: Number of visible metal elements
B53: 1 — no metal elements visible
B54: 2 — one or two elements visible
B55: 3 — three to six elements visible
B56: 4 — seven to twelve elements visible
B57: 5 — more than twelve elements visible
A60: travel_function | B60: How far the object is made for carrying goods
B61: 1 — no connection to travel
B62: 2 — could be taken travelling, but was not made for it
B63: 3 — everyday object with travel features such as a strap or reinforced corners
B64: 4 — made for movement, but not for long journeys
B65: 5 — exists solely to carry goods in transit

Sheet 3_OBJECTS
A1: CATALOGUED OBJECTS
A2: Blue headers are entered by hand; grey headers are computed. Data begins at row 5. Intermediate arithmetic is held in hidden columns.
A4: obj_id | B4: name | C4: year | D4: decade | E4: source | F4: link | G4: image_file | H4: iconic_model | I4: include | J4: notes | K4: rigidity | L4: edge_straightness | M4: geometry | N4: symmetry | O4: ornament_density | P4: ornament_regularity | Q4: hardware | R4: travel_function | S4: n_rigidity | T4: n_edge_straightness | U4: n_geometry | V4: n_symmetry | W4: n_ornament_density | X4: n_ornament_regularity | Y4: n_hardware | Z4: n_travel_function | AA4: ref_rigidity | AB4: ref_edge_straightness | AC4: ref_geometry | AD4: ref_symmetry | AE4: ref_ornament_density | AF4: ref_ornament_regularity | AG4: ref_hardware | AH4: ref_travel_function | AI4: dev_rigidity | AJ4: dev_edge_straightness | AK4: dev_geometry | AL4: dev_symmetry | AM4: dev_ornament_density | AN4: dev_ornament_regularity | AO4: dev_hardware | AP4: dev_travel_function | AQ4: S8 (all 8) | AR4: in_survey | AS4: type | AT4: S6 (no ornament) | AU4: pre_rigidity | AV4: pre_edge_straightness | AW4: pre_geometry | AX4: pre_symmetry | AY4: pre_ornament_density | AZ4: pre_ornament_regularity | BA4: pre_hardware | BB4: pre_travel_function | BC4: mod_rigidity | BD4: mod_edge_straightness | BE4: mod_geometry | BF4: mod_symmetry | BG4: mod_ornament_density | BH4: mod_ornament_regularity | BI4: mod_hardware | BJ4: mod_travel_function
A5: 1 | B5: A RARE, HERMETIC COPPER EXPLORER WARDROBE TRUNK WITH BRASS HARDWARE | C5: 1925 | D5: =IF(C5="","",FLOOR(C5,10)) -> 1920 | E5: Christie's | F5: https://onlineonly.christies.com/s/legendary-trunks-european-private-collection/rare-hermetic-copper-explorer-wardrobe-trunk-brass-hardware-50/227376 | G5: LV0001.png | H5: no | I5: yes | K5: 5 | L5: 5 | M5: 5 | N5: 5 | O5: 1 | P5: 1 | Q5: 2 | R5: 5 | S5: =IF(K5="","",(K5-1)/4) -> 1 | T5: =IF(L5="","",(L5-1)/4) -> 1 | U5: =IF(M5="","",(M5-1)/4) -> 1 | V5: =IF(N5="","",(N5-1)/4) -> 1 | W5: =IF(O5="","",(O5-1)/4) -> 0 | X5: =IF(P5="","",(P5-1)/4) -> 0 | Y5: =IF(Q5="","",(Q5-1)/4) -> 0.25 | Z5: =IF(R5="","",(R5-1)/4) -> 1 | AA5: =IF(AND(S5<>"",C5<=1949,I5="yes"),S5,"") -> 1 | AB5: =IF(AND(T5<>"",C5<=1949,I5="yes"),T5,"") -> 1 | AC5: =IF(AND(U5<>"",C5<=1949,I5="yes"),U5,"") -> 1 | AD5: =IF(AND(V5<>"",C5<=1949,I5="yes"),V5,"") -> 1 | AE5: =IF(AND(W5<>"",C5<=1949,I5="yes"),W5,"") -> 0 | AF5: =IF(AND(X5<>"",C5<=1949,I5="yes"),X5,"") -> 0 | AG5: =IF(AND(Y5<>"",C5<=1949,I5="yes"),Y5,"") -> 0.25 | AH5: =IF(AND(Z5<>"",C5<=1949,I5="yes"),Z5,"") -> 1 | AI5: =IF(OR(S5="",'4_BENCHMARK'!$C$4=""),"",ABS(S5-'4_BENCHMARK'!$C$4)) -> 0 | AJ5: =IF(OR(T5="",'4_BENCHMARK'!$C$5=""),"",ABS(T5-'4_BENCHMARK'!$C$5)) -> 0 | AK5: =IF(OR(U5="",'4_BENCHMARK'!$C$6=""),"",ABS(U5-'4_BENCHMARK'!$C$6)) -> 0 | AL5: =IF(OR(V5="",'4_BENCHMARK'!$C$7=""),"",ABS(V5-'4_BENCHMARK'!$C$7)) -> 0 | AM5: =IF(OR(W5="",'4_BENCHMARK'!$C$8=""),"",ABS(W5-'4_BENCHMARK'!$C$8)) -> 0 | AN5: =IF(OR(X5="",'4_BENCHMARK'!$C$9=""),"",ABS(X5-'4_BENCHMARK'!$C$9)) -> 0 | AO5: =IF(OR(Y5="",'4_BENCHMARK'!$C$10=""),"",ABS(Y5-'4_BENCHMARK'!$C$10)) -> 0.25 | AP5: =IF(OR(Z5="",'4_BENCHMARK'!$C$11=""),"",ABS(Z5-'4_BENCHMARK'!$C$11)) -> 0 | AQ5: =IF(COUNT(AI5:AP5)<8,"",1-AVERAGE(AI5:AP5)) -> 0.96875 | AS5: trunk | AT5: =IF(COUNT(AI5:AL5,AO5:AP5)<6,"",1-AVERAGE(AI5:AL5,AO5:AP5)) -> 0.95833333 | AU5: =IF(AND($I5="yes",$C5<=1949,K5<>""),K5,"") -> 5 | AV5: =IF(AND($I5="yes",$C5<=1949,L5<>""),L5,"") -> 5 | AW5: =IF(AND($I5="yes",$C5<=1949,M5<>""),M5,"") -> 5 | AX5: =IF(AND($I5="yes",$C5<=1949,N5<>""),N5,"") -> 5 | AY5: =IF(AND($I5="yes",$C5<=1949,O5<>""),O5,"") -> 1 | AZ5: =IF(AND($I5="yes",$C5<=1949,P5<>""),P5,"") -> 1 | BA5: =IF(AND($I5="yes",$C5<=1949,Q5<>""),Q5,"") -> 2 | BB5: =IF(AND($I5="yes",$C5<=1949,R5<>""),R5,"") -> 5 | BC5: =IF(AND($I5="yes",$C5>=2000,K5<>""),K5,"") | BD5: =IF(AND($I5="yes",$C5>=2000,L5<>""),L5,"") | BE5: =IF(AND($I5="yes",$C5>=2000,M5<>""),M5,"") | BF5: =IF(AND($I5="yes",$C5>=2000,N5<>""),N5,"") | BG5: =IF(AND($I5="yes",$C5>=2000,O5<>""),O5,"") | BH5: =IF(AND($I5="yes",$C5>=2000,P5<>""),P5,"") | BI5: =IF(AND($I5="yes",$C5>=2000,Q5<>""),Q5,"") | BJ5: =IF(AND($I5="yes",$C5>=2000,R5<>""),R5,"")
A6: 2 | B6: A RARE, LIMITED EDITION YELLOW & BLACK MONOGRAM LEATHER PUMPKIN BAG WITH SILVER HARDWARE BY YAYOI KUSAMA | C6: 2023 | D6: =IF(C6="","",FLOOR(C6,10)) -> 2020 | E6: Christie's | F6: https://onlineonly.christies.com/s/handbags-online-september-edition/rare-limited-edition-yellow-black-monogram-leather-pumpkin-bag-silver-60/231632 | G6: LV0002.png | H6: yes | I6: yes | K6: 3 | L6: 2 | M6: 3 | N6: 4 | O6: 4 | P6: 5 | Q6: 3 | R6: 3 | S6: =IF(K6="","",(K6-1)/4) -> 0.5 | T6: =IF(L6="","",(L6-1)/4) -> 0.25 | U6: =IF(M6="","",(M6-1)/4) -> 0.5 | V6: =IF(N6="","",(N6-1)/4) -> 0.75 | W6: =IF(O6="","",(O6-1)/4) -> 0.75 | X6: =IF(P6="","",(P6-1)/4) -> 1 | Y6: =IF(Q6="","",(Q6-1)/4) -> 0.5 | Z6: =IF(R6="","",(R6-1)/4) -> 0.5 | AA6: =IF(AND(S6<>"",C6<=1949,I6="yes"),S6,"") | AB6: =IF(AND(T6<>"",C6<=1949,I6="yes"),T6,"") | AC6: =IF(AND(U6<>"",C6<=1949,I6="yes"),U6,"") | AD6: =IF(AND(V6<>"",C6<=1949,I6="yes"),V6,"") | AE6: =IF(AND(W6<>"",C6<=1949,I6="yes"),W6,"") | AF6: =IF(AND(X6<>"",C6<=1949,I6="yes"),X6,"") | AG6: =IF(AND(Y6<>"",C6<=1949,I6="yes"),Y6,"") | AH6: =IF(AND(Z6<>"",C6<=1949,I6="yes"),Z6,"") | AI6: =IF(OR(S6="",'4_BENCHMARK'!$C$4=""),"",ABS(S6-'4_BENCHMARK'!$C$4)) -> 0.5 | AJ6: =IF(OR(T6="",'4_BENCHMARK'!$C$5=""),"",ABS(T6-'4_BENCHMARK'!$C$5)) -> 0.75 | AK6: =IF(OR(U6="",'4_BENCHMARK'!$C$6=""),"",ABS(U6-'4_BENCHMARK'!$C$6)) -> 0.5 | AL6: =IF(OR(V6="",'4_BENCHMARK'!$C$7=""),"",ABS(V6-'4_BENCHMARK'!$C$7)) -> 0.25 | AM6: =IF(OR(W6="",'4_BENCHMARK'!$C$8=""),"",ABS(W6-'4_BENCHMARK'!$C$8)) -> 0.75 | AN6: =IF(OR(X6="",'4_BENCHMARK'!$C$9=""),"",ABS(X6-'4_BENCHMARK'!$C$9)) -> 1 | AO6: =IF(OR(Y6="",'4_BENCHMARK'!$C$10=""),"",ABS(Y6-'4_BENCHMARK'!$C$10)) -> 0 | AP6: =IF(OR(Z6="",'4_BENCHMARK'!$C$11=""),"",ABS(Z6-'4_BENCHMARK'!$C$11)) -> 0.5 | AQ6: =IF(COUNT(AI6:AP6)<8,"",1-AVERAGE(AI6:AP6)) -> 0.46875 | AS6: bag | AT6: =IF(COUNT(AI6:AL6,AO6:AP6)<6,"",1-AVERAGE(AI6:AL6,AO6:AP6)) -> 0.58333333 | AU6: =IF(AND($I6="yes",$C6<=1949,K6<>""),K6,"") | AV6: =IF(AND($I6="yes",$C6<=1949,L6<>""),L6,"") | AW6: =IF(AND($I6="yes",$C6<=1949,M6<>""),M6,"") | AX6: =IF(AND($I6="yes",$C6<=1949,N6<>""),N6,"") | AY6: =IF(AND($I6="yes",$C6<=1949,O6<>""),O6,"") | AZ6: =IF(AND($I6="yes",$C6<=1949,P6<>""),P6,"") | BA6: =IF(AND($I6="yes",$C6<=1949,Q6<>""),Q6,"") | BB6: =IF(AND($I6="yes",$C6<=1949,R6<>""),R6,"") | BC6: =IF(AND($I6="yes",$C6>=2000,K6<>""),K6,"") -> 3 | BD6: =IF(AND($I6="yes",$C6>=2000,L6<>""),L6,"") -> 2 | BE6: =IF(AND($I6="yes",$C6>=2000,M6<>""),M6,"") -> 3 | BF6: =IF(AND($I6="yes",$C6>=2000,N6<>""),N6,"") -> 4 | BG6: =IF(AND($I6="yes",$C6>=2000,O6<>""),O6,"") -> 4 | BH6: =IF(AND($I6="yes",$C6>=2000,P6<>""),P6,"") -> 5 | BI6: =IF(AND($I6="yes",$C6>=2000,Q6<>""),Q6,"") -> 3 | BJ6: =IF(AND($I6="yes",$C6>=2000,R6<>""),R6,"") -> 3
A7: 3 | B7: A RARE, HERMETIC COPPER RIFLE TRUNK WITH BRASS HARDWARE | C7: 1896 | D7: =IF(C7="","",FLOOR(C7,10)) -> 1890 | E7: Christie's | F7: https://onlineonly.christies.com/s/legendary-trunks-european-private-collection/rare-hermetic-copper-rifle-trunk-brass-hardware-45/227574 | G7: LV0003.png | H7: no | I7: yes | K7: 5 | L7: 5 | M7: 5 | N7: 5 | O7: 1 | P7: 1 | Q7: 3 | R7: 5 | S7: =IF(K7="","",(K7-1)/4) -> 1 | T7: =IF(L7="","",(L7-1)/4) -> 1 | U7: =IF(M7="","",(M7-1)/4) -> 1 | V7: =IF(N7="","",(N7-1)/4) -> 1 | W7: =IF(O7="","",(O7-1)/4) -> 0 | X7: =IF(P7="","",(P7-1)/4) -> 0 | Y7: =IF(Q7="","",(Q7-1)/4) -> 0.5 | Z7: =IF(R7="","",(R7-1)/4) -> 1 | AA7: =IF(AND(S7<>"",C7<=1949,I7="yes"),S7,"") -> 1 | AB7: =IF(AND(T7<>"",C7<=1949,I7="yes"),T7,"") -> 1 | AC7: =IF(AND(U7<>"",C7<=1949,I7="yes"),U7,"") -> 1 | AD7: =IF(AND(V7<>"",C7<=1949,I7="yes"),V7,"") -> 1 | AE7: =IF(AND(W7<>"",C7<=1949,I7="yes"),W7,"") -> 0 | AF7: =IF(AND(X7<>"",C7<=1949,I7="yes"),X7,"") -> 0 | AG7: =IF(AND(Y7<>"",C7<=1949,I7="yes"),Y7,"") -> 0.5 | AH7: =IF(AND(Z7<>"",C7<=1949,I7="yes"),Z7,"") -> 1 | AI7: =IF(OR(S7="",'4_BENCHMARK'!$C$4=""),"",ABS(S7-'4_BENCHMARK'!$C$4)) -> 0 | AJ7: =IF(OR(T7="",'4_BENCHMARK'!$C$5=""),"",ABS(T7-'4_BENCHMARK'!$C$5)) -> 0 | AK7: =IF(OR(U7="",'4_BENCHMARK'!$C$6=""),"",ABS(U7-'4_BENCHMARK'!$C$6)) -> 0 | AL7: =IF(OR(V7="",'4_BENCHMARK'!$C$7=""),"",ABS(V7-'4_BENCHMARK'!$C$7)) -> 0 | AM7: =IF(OR(W7="",'4_BENCHMARK'!$C$8=""),"",ABS(W7-'4_BENCHMARK'!$C$8)) -> 0 | AN7: =IF(OR(X7="",'4_BENCHMARK'!$C$9=""),"",ABS(X7-'4_BENCHMARK'!$C$9)) -> 0 | AO7: =IF(OR(Y7="",'4_BENCHMARK'!$C$10=""),"",ABS(Y7-'4_BENCHMARK'!$C$10)) -> 0 | AP7: =IF(OR(Z7="",'4_BENCHMARK'!$C$11=""),"",ABS(Z7-'4_BENCHMARK'!$C$11)) -> 0 | AQ7: =IF(COUNT(AI7:AP7)<8,"",1-AVERAGE(AI7:AP7)) -> 1 | AS7: suitcase | AT7: =IF(COUNT(AI7:AL7,AO7:AP7)<6,"",1-AVERAGE(AI7:AL7,AO7:AP7)) -> 1 | AU7: =IF(AND($I7="yes",$C7<=1949,K7<>""),K7,"") -> 5 | AV7: =IF(AND($I7="yes",$C7<=1949,L7<>""),L7,"") -> 5 | AW7: =IF(AND($I7="yes",$C7<=1949,M7<>""),M7,"") -> 5 | AX7: =IF(AND($I7="yes",$C7<=1949,N7<>""),N7,"") -> 5 | AY7: =IF(AND($I7="yes",$C7<=1949,O7<>""),O7,"") -> 1 | AZ7: =IF(AND($I7="yes",$C7<=1949,P7<>""),P7,"") -> 1 | BA7: =IF(AND($I7="yes",$C7<=1949,Q7<>""),Q7,"") -> 3 | BB7: =IF(AND($I7="yes",$C7<=1949,R7<>""),R7,"") -> 5 | BC7: =IF(AND($I7="yes",$C7>=2000,K7<>""),K7,"") | BD7: =IF(AND($I7="yes",$C7>=2000,L7<>""),L7,"") | BE7: =IF(AND($I7="yes",$C7>=2000,M7<>""),M7,"") | BF7: =IF(AND($I7="yes",$C7>=2000,N7<>""),N7,"") | BG7: =IF(AND($I7="yes",$C7>=2000,O7<>""),O7,"") | BH7: =IF(AND($I7="yes",$C7>=2000,P7<>""),P7,"") | BI7: =IF(AND($I7="yes",$C7>=2000,Q7<>""),Q7,"") | BJ7: =IF(AND($I7="yes",$C7>=2000,R7<>""),R7,"")
A8: 4 | B8: A RARE, CLASSIC MONOGRAM HIGH TEA TRUNK WITH BRASS HARDWARE | C8: 2025 | D8: =IF(C8="","",FLOOR(C8,10)) -> 2020 | E8: Christie's | F8: https://www.christies.com/en/lot/lot-6586998 | G8: LV0004.png | H8: yes | I8: yes | K8: 5 | L8: 5 | M8: 5 | N8: 5 | O8: 5 | P8: 5 | Q8: 2 | R8: 5 | S8: =IF(K8="","",(K8-1)/4) -> 1 | T8: =IF(L8="","",(L8-1)/4) -> 1 | U8: =IF(M8="","",(M8-1)/4) -> 1 | V8: =IF(N8="","",(N8-1)/4) -> 1 | W8: =IF(O8="","",(O8-1)/4) -> 1 | X8: =IF(P8="","",(P8-1)/4) -> 1 | Y8: =IF(Q8="","",(Q8-1)/4) -> 0.25 | Z8: =IF(R8="","",(R8-1)/4) -> 1 | AA8: =IF(AND(S8<>"",C8<=1949,I8="yes"),S8,"") | AB8: =IF(AND(T8<>"",C8<=1949,I8="yes"),T8,"") | AC8: =IF(AND(U8<>"",C8<=1949,I8="yes"),U8,"") | AD8: =IF(AND(V8<>"",C8<=1949,I8="yes"),V8,"") | AE8: =IF(AND(W8<>"",C8<=1949,I8="yes"),W8,"") | AF8: =IF(AND(X8<>"",C8<=1949,I8="yes"),X8,"") | AG8: =IF(AND(Y8<>"",C8<=1949,I8="yes"),Y8,"") | AH8: =IF(AND(Z8<>"",C8<=1949,I8="yes"),Z8,"") | AI8: =IF(OR(S8="",'4_BENCHMARK'!$C$4=""),"",ABS(S8-'4_BENCHMARK'!$C$4)) -> 0 | AJ8: =IF(OR(T8="",'4_BENCHMARK'!$C$5=""),"",ABS(T8-'4_BENCHMARK'!$C$5)) -> 0 | AK8: =IF(OR(U8="",'4_BENCHMARK'!$C$6=""),"",ABS(U8-'4_BENCHMARK'!$C$6)) -> 0 | AL8: =IF(OR(V8="",'4_BENCHMARK'!$C$7=""),"",ABS(V8-'4_BENCHMARK'!$C$7)) -> 0 | AM8: =IF(OR(W8="",'4_BENCHMARK'!$C$8=""),"",ABS(W8-'4_BENCHMARK'!$C$8)) -> 1 | AN8: =IF(OR(X8="",'4_BENCHMARK'!$C$9=""),"",ABS(X8-'4_BENCHMARK'!$C$9)) -> 1 | AO8: =IF(OR(Y8="",'4_BENCHMARK'!$C$10=""),"",ABS(Y8-'4_BENCHMARK'!$C$10)) -> 0.25 | AP8: =IF(OR(Z8="",'4_BENCHMARK'!$C$11=""),"",ABS(Z8-'4_BENCHMARK'!$C$11)) -> 0 | AQ8: =IF(COUNT(AI8:AP8)<8,"",1-AVERAGE(AI8:AP8)) -> 0.71875 | AS8: trunk | AT8: =IF(COUNT(AI8:AL8,AO8:AP8)<6,"",1-AVERAGE(AI8:AL8,AO8:AP8)) -> 0.95833333 | AU8: =IF(AND($I8="yes",$C8<=1949,K8<>""),K8,"") | AV8: =IF(AND($I8="yes",$C8<=1949,L8<>""),L8,"") | AW8: =IF(AND($I8="yes",$C8<=1949,M8<>""),M8,"") | AX8: =IF(AND($I8="yes",$C8<=1949,N8<>""),N8,"") | AY8: =IF(AND($I8="yes",$C8<=1949,O8<>""),O8,"") | AZ8: =IF(AND($I8="yes",$C8<=1949,P8<>""),P8,"") | BA8: =IF(AND($I8="yes",$C8<=1949,Q8<>""),Q8,"") | BB8: =IF(AND($I8="yes",$C8<=1949,R8<>""),R8,"") | BC8: =IF(AND($I8="yes",$C8>=2000,K8<>""),K8,"") -> 5 | BD8: =IF(AND($I8="yes",$C8>=2000,L8<>""),L8,"") -> 5 | BE8: =IF(AND($I8="yes",$C8>=2000,M8<>""),M8,"") -> 5 | BF8: =IF(AND($I8="yes",$C8>=2000,N8<>""),N8,"") -> 5 | BG8: =IF(AND($I8="yes",$C8>=2000,O8<>""),O8,"") -> 5 | BH8: =IF(AND($I8="yes",$C8>=2000,P8<>""),P8,"") -> 5 | BI8: =IF(AND($I8="yes",$C8>=2000,Q8<>""),Q8,"") -> 2 | BJ8: =IF(AND($I8="yes",$C8>=2000,R8<>""),R8,"") -> 5
A9: 5 | B9: A RARE, ALUMINIUM EXPLORER TRUNK | C9: 1892 | D9: =IF(C9="","",FLOOR(C9,10)) -> 1890 | E9: Christie's | F9: https://www.christies.com/en/lot/lot-6177673 | G9: LV0005.png | H9: no | I9: yes | K9: 5 | L9: 5 | M9: 5 | N9: 5 | O9: 1 | P9: 1 | Q9: 5 | R9: 5 | S9: =IF(K9="","",(K9-1)/4) -> 1 | T9: =IF(L9="","",(L9-1)/4) -> 1 | U9: =IF(M9="","",(M9-1)/4) -> 1 | V9: =IF(N9="","",(N9-1)/4) -> 1 | W9: =IF(O9="","",(O9-1)/4) -> 0 | X9: =IF(P9="","",(P9-1)/4) -> 0 | Y9: =IF(Q9="","",(Q9-1)/4) -> 1 | Z9: =IF(R9="","",(R9-1)/4) -> 1 | AA9: =IF(AND(S9<>"",C9<=1949,I9="yes"),S9,"") -> 1 | AB9: =IF(AND(T9<>"",C9<=1949,I9="yes"),T9,"") -> 1 | AC9: =IF(AND(U9<>"",C9<=1949,I9="yes"),U9,"") -> 1 | AD9: =IF(AND(V9<>"",C9<=1949,I9="yes"),V9,"") -> 1 | AE9: =IF(AND(W9<>"",C9<=1949,I9="yes"),W9,"") -> 0 | AF9: =IF(AND(X9<>"",C9<=1949,I9="yes"),X9,"") -> 0 | AG9: =IF(AND(Y9<>"",C9<=1949,I9="yes"),Y9,"") -> 1 | AH9: =IF(AND(Z9<>"",C9<=1949,I9="yes"),Z9,"") -> 1 | AI9: =IF(OR(S9="",'4_BENCHMARK'!$C$4=""),"",ABS(S9-'4_BENCHMARK'!$C$4)) -> 0 | AJ9: =IF(OR(T9="",'4_BENCHMARK'!$C$5=""),"",ABS(T9-'4_BENCHMARK'!$C$5)) -> 0 | AK9: =IF(OR(U9="",'4_BENCHMARK'!$C$6=""),"",ABS(U9-'4_BENCHMARK'!$C$6)) -> 0 | AL9: =IF(OR(V9="",'4_BENCHMARK'!$C$7=""),"",ABS(V9-'4_BENCHMARK'!$C$7)) -> 0 | AM9: =IF(OR(W9="",'4_BENCHMARK'!$C$8=""),"",ABS(W9-'4_BENCHMARK'!$C$8)) -> 0 | AN9: =IF(OR(X9="",'4_BENCHMARK'!$C$9=""),"",ABS(X9-'4_BENCHMARK'!$C$9)) -> 0 | AO9: =IF(OR(Y9="",'4_BENCHMARK'!$C$10=""),"",ABS(Y9-'4_BENCHMARK'!$C$10)) -> 0.5 | AP9: =IF(OR(Z9="",'4_BENCHMARK'!$C$11=""),"",ABS(Z9-'4_BENCHMARK'!$C$11)) -> 0 | AQ9: =IF(COUNT(AI9:AP9)<8,"",1-AVERAGE(AI9:AP9)) -> 0.9375 | AS9: trunk | AT9: =IF(COUNT(AI9:AL9,AO9:AP9)<6,"",1-AVERAGE(AI9:AL9,AO9:AP9)) -> 0.91666667 | AU9: =IF(AND($I9="yes",$C9<=1949,K9<>""),K9,"") -> 5 | AV9: =IF(AND($I9="yes",$C9<=1949,L9<>""),L9,"") -> 5 | AW9: =IF(AND($I9="yes",$C9<=1949,M9<>""),M9,"") -> 5 | AX9: =IF(AND($I9="yes",$C9<=1949,N9<>""),N9,"") -> 5 | AY9: =IF(AND($I9="yes",$C9<=1949,O9<>""),O9,"") -> 1 | AZ9: =IF(AND($I9="yes",$C9<=1949,P9<>""),P9,"") -> 1 | BA9: =IF(AND($I9="yes",$C9<=1949,Q9<>""),Q9,"") -> 5 | BB9: =IF(AND($I9="yes",$C9<=1949,R9<>""),R9,"") -> 5 | BC9: =IF(AND($I9="yes",$C9>=2000,K9<>""),K9,"") | BD9: =IF(AND($I9="yes",$C9>=2000,L9<>""),L9,"") | BE9: =IF(AND($I9="yes",$C9>=2000,M9<>""),M9,"") | BF9: =IF(AND($I9="yes",$C9>=2000,N9<>""),N9,"") | BG9: =IF(AND($I9="yes",$C9>=2000,O9<>""),O9,"") | BH9: =IF(AND($I9="yes",$C9>=2000,P9<>""),P9,"") | BI9: =IF(AND($I9="yes",$C9>=2000,Q9<>""),Q9,"") | BJ9: =IF(AND($I9="yes",$C9>=2000,R9<>""),R9,"")
A10: 6 | B10: A LIMITED EDITION RED & WHITE MONOGRAM MALLE COURRIER 90 TRUNK WITH SILVER HARDWARE BY SUPREME | C10: 2017 | D10: =IF(C10="","",FLOOR(C10,10)) -> 2010 | E10: Christie's | F10: https://www.christies.com/en/lot/lot-6205936 | G10: LV0006.png | H10: yes | I10: yes | K10: 5 | L10: 5 | M10: 5 | N10: 4 | O10: 5 | P10: 3 | Q10: 4 | R10: 5 | S10: =IF(K10="","",(K10-1)/4) -> 1 | T10: =IF(L10="","",(L10-1)/4) -> 1 | U10: =IF(M10="","",(M10-1)/4) -> 1 | V10: =IF(N10="","",(N10-1)/4) -> 0.75 | W10: =IF(O10="","",(O10-1)/4) -> 1 | X10: =IF(P10="","",(P10-1)/4) -> 0.5 | Y10: =IF(Q10="","",(Q10-1)/4) -> 0.75 | Z10: =IF(R10="","",(R10-1)/4) -> 1 | AA10: =IF(AND(S10<>"",C10<=1949,I10="yes"),S10,"") | AB10: =IF(AND(T10<>"",C10<=1949,I10="yes"),T10,"") | AC10: =IF(AND(U10<>"",C10<=1949,I10="yes"),U10,"") | AD10: =IF(AND(V10<>"",C10<=1949,I10="yes"),V10,"") | AE10: =IF(AND(W10<>"",C10<=1949,I10="yes"),W10,"") | AF10: =IF(AND(X10<>"",C10<=1949,I10="yes"),X10,"") | AG10: =IF(AND(Y10<>"",C10<=1949,I10="yes"),Y10,"") | AH10: =IF(AND(Z10<>"",C10<=1949,I10="yes"),Z10,"") | AI10: =IF(OR(S10="",'4_BENCHMARK'!$C$4=""),"",ABS(S10-'4_BENCHMARK'!$C$4)) -> 0 | AJ10: =IF(OR(T10="",'4_BENCHMARK'!$C$5=""),"",ABS(T10-'4_BENCHMARK'!$C$5)) -> 0 | AK10: =IF(OR(U10="",'4_BENCHMARK'!$C$6=""),"",ABS(U10-'4_BENCHMARK'!$C$6)) -> 0 | AL10: =IF(OR(V10="",'4_BENCHMARK'!$C$7=""),"",ABS(V10-'4_BENCHMARK'!$C$7)) -> 0.25 | AM10: =IF(OR(W10="",'4_BENCHMARK'!$C$8=""),"",ABS(W10-'4_BENCHMARK'!$C$8)) -> 1 | AN10: =IF(OR(X10="",'4_BENCHMARK'!$C$9=""),"",ABS(X10-'4_BENCHMARK'!$C$9)) -> 0.5 | AO10: =IF(OR(Y10="",'4_BENCHMARK'!$C$10=""),"",ABS(Y10-'4_BENCHMARK'!$C$10)) -> 0.25 | AP10: =IF(OR(Z10="",'4_BENCHMARK'!$C$11=""),"",ABS(Z10-'4_BENCHMARK'!$C$11)) -> 0 | AQ10: =IF(COUNT(AI10:AP10)<8,"",1-AVERAGE(AI10:AP10)) -> 0.75 | AS10: trunk | AT10: =IF(COUNT(AI10:AL10,AO10:AP10)<6,"",1-AVERAGE(AI10:AL10,AO10:AP10)) -> 0.91666667 | AU10: =IF(AND($I10="yes",$C10<=1949,K10<>""),K10,"") | AV10: =IF(AND($I10="yes",$C10<=1949,L10<>""),L10,"") | AW10: =IF(AND($I10="yes",$C10<=1949,M10<>""),M10,"") | AX10: =IF(AND($I10="yes",$C10<=1949,N10<>""),N10,"") | AY10: =IF(AND($I10="yes",$C10<=1949,O10<>""),O10,"") | AZ10: =IF(AND($I10="yes",$C10<=1949,P10<>""),P10,"") | BA10: =IF(AND($I10="yes",$C10<=1949,Q10<>""),Q10,"") | BB10: =IF(AND($I10="yes",$C10<=1949,R10<>""),R10,"") | BC10: =IF(AND($I10="yes",$C10>=2000,K10<>""),K10,"") -> 5 | BD10: =IF(AND($I10="yes",$C10>=2000,L10<>""),L10,"") -> 5 | BE10: =IF(AND($I10="yes",$C10>=2000,M10<>""),M10,"") -> 5 | BF10: =IF(AND($I10="yes",$C10>=2000,N10<>""),N10,"") -> 4 | BG10: =IF(AND($I10="yes",$C10>=2000,O10<>""),O10,"") -> 5 | BH10: =IF(AND($I10="yes",$C10>=2000,P10<>""),P10,"") -> 3 | BI10: =IF(AND($I10="yes",$C10>=2000,Q10<>""),Q10,"") -> 4 | BJ10: =IF(AND($I10="yes",$C10>=2000,R10<>""),R10,"") -> 5
A11: 7 | B11: A RARE, HERMETIC ZINC EXPLORER TRUNK WITH BRASS HARDWARE | C11: 1890 | D11: =IF(C11="","",FLOOR(C11,10)) -> 1890 | E11: Christie's | F11: https://onlineonly.christies.com/s/legendary-trunks-european-private-collection-part-ii/rare-hermetic-zinc-explorer-trunk-brass-hardware-38/262989 | G11: LV0007.png | H11: no | I11: yes | K11: 5 | L11: 5 | M11: 5 | N11: 5 | O11: 1 | P11: 1 | Q11: 5 | R11: 5 | S11: =IF(K11="","",(K11-1)/4) -> 1 | T11: =IF(L11="","",(L11-1)/4) -> 1 | U11: =IF(M11="","",(M11-1)/4) -> 1 | V11: =IF(N11="","",(N11-1)/4) -> 1 | W11: =IF(O11="","",(O11-1)/4) -> 0 | X11: =IF(P11="","",(P11-1)/4) -> 0 | Y11: =IF(Q11="","",(Q11-1)/4) -> 1 | Z11: =IF(R11="","",(R11-1)/4) -> 1 | AA11: =IF(AND(S11<>"",C11<=1949,I11="yes"),S11,"") -> 1 | AB11: =IF(AND(T11<>"",C11<=1949,I11="yes"),T11,"") -> 1 | AC11: =IF(AND(U11<>"",C11<=1949,I11="yes"),U11,"") -> 1 | AD11: =IF(AND(V11<>"",C11<=1949,I11="yes"),V11,"") -> 1 | AE11: =IF(AND(W11<>"",C11<=1949,I11="yes"),W11,"") -> 0 | AF11: =IF(AND(X11<>"",C11<=1949,I11="yes"),X11,"") -> 0 | AG11: =IF(AND(Y11<>"",C11<=1949,I11="yes"),Y11,"") -> 1 | AH11: =IF(AND(Z11<>"",C11<=1949,I11="yes"),Z11,"") -> 1 | AI11: =IF(OR(S11="",'4_BENCHMARK'!$C$4=""),"",ABS(S11-'4_BENCHMARK'!$C$4)) -> 0 | AJ11: =IF(OR(T11="",'4_BENCHMARK'!$C$5=""),"",ABS(T11-'4_BENCHMARK'!$C$5)) -> 0 | AK11: =IF(OR(U11="",'4_BENCHMARK'!$C$6=""),"",ABS(U11-'4_BENCHMARK'!$C$6)) -> 0 | AL11: =IF(OR(V11="",'4_BENCHMARK'!$C$7=""),"",ABS(V11-'4_BENCHMARK'!$C$7)) -> 0 | AM11: =IF(OR(W11="",'4_BENCHMARK'!$C$8=""),"",ABS(W11-'4_BENCHMARK'!$C$8)) -> 0 | AN11: =IF(OR(X11="",'4_BENCHMARK'!$C$9=""),"",ABS(X11-'4_BENCHMARK'!$C$9)) -> 0 | AO11: =IF(OR(Y11="",'4_BENCHMARK'!$C$10=""),"",ABS(Y11-'4_BENCHMARK'!$C$10)) -> 0.5 | AP11: =IF(OR(Z11="",'4_BENCHMARK'!$C$11=""),"",ABS(Z11-'4_BENCHMARK'!$C$11)) -> 0 | AQ11: =IF(COUNT(AI11:AP11)<8,"",1-AVERAGE(AI11:AP11)) -> 0.9375 | AS11: trunk | AT11: =IF(COUNT(AI11:AL11,AO11:AP11)<6,"",1-AVERAGE(AI11:AL11,AO11:AP11)) -> 0.91666667 | AU11: =IF(AND($I11="yes",$C11<=1949,K11<>""),K11,"") -> 5 | AV11: =IF(AND($I11="yes",$C11<=1949,L11<>""),L11,"") -> 5 | AW11: =IF(AND($I11="yes",$C11<=1949,M11<>""),M11,"") -> 5 | AX11: =IF(AND($I11="yes",$C11<=1949,N11<>""),N11,"") -> 5 | AY11: =IF(AND($I11="yes",$C11<=1949,O11<>""),O11,"") -> 1 | AZ11: =IF(AND($I11="yes",$C11<=1949,P11<>""),P11,"") -> 1 | BA11: =IF(AND($I11="yes",$C11<=1949,Q11<>""),Q11,"") -> 5 | BB11: =IF(AND($I11="yes",$C11<=1949,R11<>""),R11,"") -> 5 | BC11: =IF(AND($I11="yes",$C11>=2000,K11<>""),K11,"") | BD11: =IF(AND($I11="yes",$C11>=2000,L11<>""),L11,"") | BE11: =IF(AND($I11="yes",$C11>=2000,M11<>""),M11,"") | BF11: =IF(AND($I11="yes",$C11>=2000,N11<>""),N11,"") | BG11: =IF(AND($I11="yes",$C11>=2000,O11<>""),O11,"") | BH11: =IF(AND($I11="yes",$C11>=2000,P11<>""),P11,"") | BI11: =IF(AND($I11="yes",$C11>=2000,Q11<>""),Q11,"") | BJ11: =IF(AND($I11="yes",$C11>=2000,R11<>""),R11,"")
A12: 8 | B12: A RARE, BRASS EXPLORER TRUNK | C12: 1888 | D12: =IF(C12="","",FLOOR(C12,10)) -> 1880 | E12: Christie's | F12: https://www.christies.com/en/lot/lot-6205939 | G12: LV0008.png | H12: no | I12: yes | K12: 5 | L12: 5 | M12: 5 | N12: 5 | O12: 1 | P12: 1 | Q12: 5 | R12: 5 | S12: =IF(K12="","",(K12-1)/4) -> 1 | T12: =IF(L12="","",(L12-1)/4) -> 1 | U12: =IF(M12="","",(M12-1)/4) -> 1 | V12: =IF(N12="","",(N12-1)/4) -> 1 | W12: =IF(O12="","",(O12-1)/4) -> 0 | X12: =IF(P12="","",(P12-1)/4) -> 0 | Y12: =IF(Q12="","",(Q12-1)/4) -> 1 | Z12: =IF(R12="","",(R12-1)/4) -> 1 | AA12: =IF(AND(S12<>"",C12<=1949,I12="yes"),S12,"") -> 1 | AB12: =IF(AND(T12<>"",C12<=1949,I12="yes"),T12,"") -> 1 | AC12: =IF(AND(U12<>"",C12<=1949,I12="yes"),U12,"") -> 1 | AD12: =IF(AND(V12<>"",C12<=1949,I12="yes"),V12,"") -> 1 | AE12: =IF(AND(W12<>"",C12<=1949,I12="yes"),W12,"") -> 0 | AF12: =IF(AND(X12<>"",C12<=1949,I12="yes"),X12,"") -> 0 | AG12: =IF(AND(Y12<>"",C12<=1949,I12="yes"),Y12,"") -> 1 | AH12: =IF(AND(Z12<>"",C12<=1949,I12="yes"),Z12,"") -> 1 | AI12: =IF(OR(S12="",'4_BENCHMARK'!$C$4=""),"",ABS(S12-'4_BENCHMARK'!$C$4)) -> 0 | AJ12: =IF(OR(T12="",'4_BENCHMARK'!$C$5=""),"",ABS(T12-'4_BENCHMARK'!$C$5)) -> 0 | AK12: =IF(OR(U12="",'4_BENCHMARK'!$C$6=""),"",ABS(U12-'4_BENCHMARK'!$C$6)) -> 0 | AL12: =IF(OR(V12="",'4_BENCHMARK'!$C$7=""),"",ABS(V12-'4_BENCHMARK'!$C$7)) -> 0 | AM12: =IF(OR(W12="",'4_BENCHMARK'!$C$8=""),"",ABS(W12-'4_BENCHMARK'!$C$8)) -> 0 | AN12: =IF(OR(X12="",'4_BENCHMARK'!$C$9=""),"",ABS(X12-'4_BENCHMARK'!$C$9)) -> 0 | AO12: =IF(OR(Y12="",'4_BENCHMARK'!$C$10=""),"",ABS(Y12-'4_BENCHMARK'!$C$10)) -> 0.5 | AP12: =IF(OR(Z12="",'4_BENCHMARK'!$C$11=""),"",ABS(Z12-'4_BENCHMARK'!$C$11)) -> 0 | AQ12: =IF(COUNT(AI12:AP12)<8,"",1-AVERAGE(AI12:AP12)) -> 0.9375 | AS12: trunk | AT12: =IF(COUNT(AI12:AL12,AO12:AP12)<6,"",1-AVERAGE(AI12:AL12,AO12:AP12)) -> 0.91666667 | AU12: =IF(AND($I12="yes",$C12<=1949,K12<>""),K12,"") -> 5 | AV12: =IF(AND($I12="yes",$C12<=1949,L12<>""),L12,"") -> 5 | AW12: =IF(AND($I12="yes",$C12<=1949,M12<>""),M12,"") -> 5 | AX12: =IF(AND($I12="yes",$C12<=1949,N12<>""),N12,"") -> 5 | AY12: =IF(AND($I12="yes",$C12<=1949,O12<>""),O12,"") -> 1 | AZ12: =IF(AND($I12="yes",$C12<=1949,P12<>""),P12,"") -> 1 | BA12: =IF(AND($I12="yes",$C12<=1949,Q12<>""),Q12,"") -> 5 | BB12: =IF(AND($I12="yes",$C12<=1949,R12<>""),R12,"") -> 5 | BC12: =IF(AND($I12="yes",$C12>=2000,K12<>""),K12,"") | BD12: =IF(AND($I12="yes",$C12>=2000,L12<>""),L12,"") | BE12: =IF(AND($I12="yes",$C12>=2000,M12<>""),M12,"") | BF12: =IF(AND($I12="yes",$C12>=2000,N12<>""),N12,"") | BG12: =IF(AND($I12="yes",$C12>=2000,O12<>""),O12,"") | BH12: =IF(AND($I12="yes",$C12>=2000,P12<>""),P12,"") | BI12: =IF(AND($I12="yes",$C12>=2000,Q12<>""),Q12,"") | BJ12: =IF(AND($I12="yes",$C12>=2000,R12<>""),R12,"")
A13: 9 | B13: A RARE, HERMETIC ZINC EXPLORER TRUNK WITH BRASS HARDWARE | C13: 1889 | D13: =IF(C13="","",FLOOR(C13,10)) -> 1880 | E13: Christie's | F13: https://onlineonly.christies.com/s/legendary-trunks-european-private-collection-part-ii/rare-hermetic-zinc-explorer-trunk-brass-hardware-41/262988 | G13: LV0009.png | H13: no | I13: yes | K13: 5 | L13: 5 | M13: 5 | N13: 5 | O13: 1 | P13: 1 | Q13: 5 | R13: 5 | S13: =IF(K13="","",(K13-1)/4) -> 1 | T13: =IF(L13="","",(L13-1)/4) -> 1 | U13: =IF(M13="","",(M13-1)/4) -> 1 | V13: =IF(N13="","",(N13-1)/4) -> 1 | W13: =IF(O13="","",(O13-1)/4) -> 0 | X13: =IF(P13="","",(P13-1)/4) -> 0 | Y13: =IF(Q13="","",(Q13-1)/4) -> 1 | Z13: =IF(R13="","",(R13-1)/4) -> 1 | AA13: =IF(AND(S13<>"",C13<=1949,I13="yes"),S13,"") -> 1 | AB13: =IF(AND(T13<>"",C13<=1949,I13="yes"),T13,"") -> 1 | AC13: =IF(AND(U13<>"",C13<=1949,I13="yes"),U13,"") -> 1 | AD13: =IF(AND(V13<>"",C13<=1949,I13="yes"),V13,"") -> 1 | AE13: =IF(AND(W13<>"",C13<=1949,I13="yes"),W13,"") -> 0 | AF13: =IF(AND(X13<>"",C13<=1949,I13="yes"),X13,"") -> 0 | AG13: =IF(AND(Y13<>"",C13<=1949,I13="yes"),Y13,"") -> 1 | AH13: =IF(AND(Z13<>"",C13<=1949,I13="yes"),Z13,"") -> 1 | AI13: =IF(OR(S13="",'4_BENCHMARK'!$C$4=""),"",ABS(S13-'4_BENCHMARK'!$C$4)) -> 0 | AJ13: =IF(OR(T13="",'4_BENCHMARK'!$C$5=""),"",ABS(T13-'4_BENCHMARK'!$C$5)) -> 0 | AK13: =IF(OR(U13="",'4_BENCHMARK'!$C$6=""),"",ABS(U13-'4_BENCHMARK'!$C$6)) -> 0 | AL13: =IF(OR(V13="",'4_BENCHMARK'!$C$7=""),"",ABS(V13-'4_BENCHMARK'!$C$7)) -> 0 | AM13: =IF(OR(W13="",'4_BENCHMARK'!$C$8=""),"",ABS(W13-'4_BENCHMARK'!$C$8)) -> 0 | AN13: =IF(OR(X13="",'4_BENCHMARK'!$C$9=""),"",ABS(X13-'4_BENCHMARK'!$C$9)) -> 0 | AO13: =IF(OR(Y13="",'4_BENCHMARK'!$C$10=""),"",ABS(Y13-'4_BENCHMARK'!$C$10)) -> 0.5 | AP13: =IF(OR(Z13="",'4_BENCHMARK'!$C$11=""),"",ABS(Z13-'4_BENCHMARK'!$C$11)) -> 0 | AQ13: =IF(COUNT(AI13:AP13)<8,"",1-AVERAGE(AI13:AP13)) -> 0.9375 | AS13: trunk | AT13: =IF(COUNT(AI13:AL13,AO13:AP13)<6,"",1-AVERAGE(AI13:AL13,AO13:AP13)) -> 0.91666667 | AU13: =IF(AND($I13="yes",$C13<=1949,K13<>""),K13,"") -> 5 | AV13: =IF(AND($I13="yes",$C13<=1949,L13<>""),L13,"") -> 5 | AW13: =IF(AND($I13="yes",$C13<=1949,M13<>""),M13,"") -> 5 | AX13: =IF(AND($I13="yes",$C13<=1949,N13<>""),N13,"") -> 5 | AY13: =IF(AND($I13="yes",$C13<=1949,O13<>""),O13,"") -> 1 | AZ13: =IF(AND($I13="yes",$C13<=1949,P13<>""),P13,"") -> 1 | BA13: =IF(AND($I13="yes",$C13<=1949,Q13<>""),Q13,"") -> 5 | BB13: =IF(AND($I13="yes",$C13<=1949,R13<>""),R13,"") -> 5 | BC13: =IF(AND($I13="yes",$C13>=2000,K13<>""),K13,"") | BD13: =IF(AND($I13="yes",$C13>=2000,L13<>""),L13,"") | BE13: =IF(AND($I13="yes",$C13>=2000,M13<>""),M13,"") | BF13: =IF(AND($I13="yes",$C13>=2000,N13<>""),N13,"") | BG13: =IF(AND($I13="yes",$C13>=2000,O13<>""),O13,"") | BH13: =IF(AND($I13="yes",$C13>=2000,P13<>""),P13,"") | BI13: =IF(AND($I13="yes",$C13>=2000,Q13<>""),Q13,"") | BJ13: =IF(AND($I13="yes",$C13>=2000,R13<>""),R13,"")
A14: 10 | B14: A RED VUITTONITE CANVAS TRUNK WITH BRASS HARDWARE | C14: 1926 | D14: =IF(C14="","",FLOOR(C14,10)) -> 1920 | E14: Christie's | F14: https://onlineonly.christies.com/s/legendary-trunks-european-private-collection/red-vuittonite-canvas-trunk-brass-hardware-34/227357 | G14: LV0010.png | H14: no | I14: yes | K14: 5 | L14: 5 | M14: 5 | N14: 5 | O14: 1 | P14: 1 | Q14: 3 | R14: 5 | S14: =IF(K14="","",(K14-1)/4) -> 1 | T14: =IF(L14="","",(L14-1)/4) -> 1 | U14: =IF(M14="","",(M14-1)/4) -> 1 | V14: =IF(N14="","",(N14-1)/4) -> 1 | W14: =IF(O14="","",(O14-1)/4) -> 0 | X14: =IF(P14="","",(P14-1)/4) -> 0 | Y14: =IF(Q14="","",(Q14-1)/4) -> 0.5 | Z14: =IF(R14="","",(R14-1)/4) -> 1 | AA14: =IF(AND(S14<>"",C14<=1949,I14="yes"),S14,"") -> 1 | AB14: =IF(AND(T14<>"",C14<=1949,I14="yes"),T14,"") -> 1 | AC14: =IF(AND(U14<>"",C14<=1949,I14="yes"),U14,"") -> 1 | AD14: =IF(AND(V14<>"",C14<=1949,I14="yes"),V14,"") -> 1 | AE14: =IF(AND(W14<>"",C14<=1949,I14="yes"),W14,"") -> 0 | AF14: =IF(AND(X14<>"",C14<=1949,I14="yes"),X14,"") -> 0 | AG14: =IF(AND(Y14<>"",C14<=1949,I14="yes"),Y14,"") -> 0.5 | AH14: =IF(AND(Z14<>"",C14<=1949,I14="yes"),Z14,"") -> 1 | AI14: =IF(OR(S14="",'4_BENCHMARK'!$C$4=""),"",ABS(S14-'4_BENCHMARK'!$C$4)) -> 0 | AJ14: =IF(OR(T14="",'4_BENCHMARK'!$C$5=""),"",ABS(T14-'4_BENCHMARK'!$C$5)) -> 0 | AK14: =IF(OR(U14="",'4_BENCHMARK'!$C$6=""),"",ABS(U14-'4_BENCHMARK'!$C$6)) -> 0 | AL14: =IF(OR(V14="",'4_BENCHMARK'!$C$7=""),"",ABS(V14-'4_BENCHMARK'!$C$7)) -> 0 | AM14: =IF(OR(W14="",'4_BENCHMARK'!$C$8=""),"",ABS(W14-'4_BENCHMARK'!$C$8)) -> 0 | AN14: =IF(OR(X14="",'4_BENCHMARK'!$C$9=""),"",ABS(X14-'4_BENCHMARK'!$C$9)) -> 0 | AO14: =IF(OR(Y14="",'4_BENCHMARK'!$C$10=""),"",ABS(Y14-'4_BENCHMARK'!$C$10)) -> 0 | AP14: =IF(OR(Z14="",'4_BENCHMARK'!$C$11=""),"",ABS(Z14-'4_BENCHMARK'!$C$11)) -> 0 | AQ14: =IF(COUNT(AI14:AP14)<8,"",1-AVERAGE(AI14:AP14)) -> 1 | AS14: trunk | AT14: =IF(COUNT(AI14:AL14,AO14:AP14)<6,"",1-AVERAGE(AI14:AL14,AO14:AP14)) -> 1 | AU14: =IF(AND($I14="yes",$C14<=1949,K14<>""),K14,"") -> 5 | AV14: =IF(AND($I14="yes",$C14<=1949,L14<>""),L14,"") -> 5 | AW14: =IF(AND($I14="yes",$C14<=1949,M14<>""),M14,"") -> 5 | AX14: =IF(AND($I14="yes",$C14<=1949,N14<>""),N14,"") -> 5 | AY14: =IF(AND($I14="yes",$C14<=1949,O14<>""),O14,"") -> 1 | AZ14: =IF(AND($I14="yes",$C14<=1949,P14<>""),P14,"") -> 1 | BA14: =IF(AND($I14="yes",$C14<=1949,Q14<>""),Q14,"") -> 3 | BB14: =IF(AND($I14="yes",$C14<=1949,R14<>""),R14,"") -> 5 | BC14: =IF(AND($I14="yes",$C14>=2000,K14<>""),K14,"") | BD14: =IF(AND($I14="yes",$C14>=2000,L14<>""),L14,"") | BE14: =IF(AND($I14="yes",$C14>=2000,M14<>""),M14,"") | BF14: =IF(AND($I14="yes",$C14>=2000,N14<>""),N14,"") | BG14: =IF(AND($I14="yes",$C14>=2000,O14<>""),O14,"") | BH14: =IF(AND($I14="yes",$C14>=2000,P14<>""),P14,"") | BI14: =IF(AND($I14="yes",$C14>=2000,Q14<>""),Q14,"") | BJ14: =IF(AND($I14="yes",$C14>=2000,R14<>""),R14,"")
A15: 11 | B15: A MONOGRAM CANVAS DESK TRUNK FOR THIRTY PAIRS OF SHOES WITH BRASS HARDWARE | C15: 1929 | D15: =IF(C15="","",FLOOR(C15,10)) -> 1920 | E15: Christie's | F15: https://onlineonly.christies.com/s/legendary-trunks-european-private-collection-part-ii/monogram-canvas-desk-trunk-thirty-pairs-shoes-brass-hardware-31/262977 | G15: LV0011.png | H15: no | I15: yes | K15: 5 | L15: 5 | M15: 5 | N15: 5 | O15: 5 | P15: 5 | Q15: 2 | R15: 5 | S15: =IF(K15="","",(K15-1)/4) -> 1 | T15: =IF(L15="","",(L15-1)/4) -> 1 | U15: =IF(M15="","",(M15-1)/4) -> 1 | V15: =IF(N15="","",(N15-1)/4) -> 1 | W15: =IF(O15="","",(O15-1)/4) -> 1 | X15: =IF(P15="","",(P15-1)/4) -> 1 | Y15: =IF(Q15="","",(Q15-1)/4) -> 0.25 | Z15: =IF(R15="","",(R15-1)/4) -> 1 | AA15: =IF(AND(S15<>"",C15<=1949,I15="yes"),S15,"") -> 1 | AB15: =IF(AND(T15<>"",C15<=1949,I15="yes"),T15,"") -> 1 | AC15: =IF(AND(U15<>"",C15<=1949,I15="yes"),U15,"") -> 1 | AD15: =IF(AND(V15<>"",C15<=1949,I15="yes"),V15,"") -> 1 | AE15: =IF(AND(W15<>"",C15<=1949,I15="yes"),W15,"") -> 1 | AF15: =IF(AND(X15<>"",C15<=1949,I15="yes"),X15,"") -> 1 | AG15: =IF(AND(Y15<>"",C15<=1949,I15="yes"),Y15,"") -> 0.25 | AH15: =IF(AND(Z15<>"",C15<=1949,I15="yes"),Z15,"") -> 1 | AI15: =IF(OR(S15="",'4_BENCHMARK'!$C$4=""),"",ABS(S15-'4_BENCHMARK'!$C$4)) -> 0 | AJ15: =IF(OR(T15="",'4_BENCHMARK'!$C$5=""),"",ABS(T15-'4_BENCHMARK'!$C$5)) -> 0 | AK15: =IF(OR(U15="",'4_BENCHMARK'!$C$6=""),"",ABS(U15-'4_BENCHMARK'!$C$6)) -> 0 | AL15: =IF(OR(V15="",'4_BENCHMARK'!$C$7=""),"",ABS(V15-'4_BENCHMARK'!$C$7)) -> 0 | AM15: =IF(OR(W15="",'4_BENCHMARK'!$C$8=""),"",ABS(W15-'4_BENCHMARK'!$C$8)) -> 1 | AN15: =IF(OR(X15="",'4_BENCHMARK'!$C$9=""),"",ABS(X15-'4_BENCHMARK'!$C$9)) -> 1 | AO15: =IF(OR(Y15="",'4_BENCHMARK'!$C$10=""),"",ABS(Y15-'4_BENCHMARK'!$C$10)) -> 0.25 | AP15: =IF(OR(Z15="",'4_BENCHMARK'!$C$11=""),"",ABS(Z15-'4_BENCHMARK'!$C$11)) -> 0 | AQ15: =IF(COUNT(AI15:AP15)<8,"",1-AVERAGE(AI15:AP15)) -> 0.71875 | AS15: trunk | AT15: =IF(COUNT(AI15:AL15,AO15:AP15)<6,"",1-AVERAGE(AI15:AL15,AO15:AP15)) -> 0.95833333 | AU15: =IF(AND($I15="yes",$C15<=1949,K15<>""),K15,"") -> 5 | AV15: =IF(AND($I15="yes",$C15<=1949,L15<>""),L15,"") -> 5 | AW15: =IF(AND($I15="yes",$C15<=1949,M15<>""),M15,"") -> 5 | AX15: =IF(AND($I15="yes",$C15<=1949,N15<>""),N15,"") -> 5 | AY15: =IF(AND($I15="yes",$C15<=1949,O15<>""),O15,"") -> 5 | AZ15: =IF(AND($I15="yes",$C15<=1949,P15<>""),P15,"") -> 5 | BA15: =IF(AND($I15="yes",$C15<=1949,Q15<>""),Q15,"") -> 2 | BB15: =IF(AND($I15="yes",$C15<=1949,R15<>""),R15,"") -> 5 | BC15: =IF(AND($I15="yes",$C15>=2000,K15<>""),K15,"") | BD15: =IF(AND($I15="yes",$C15>=2000,L15<>""),L15,"") | BE15: =IF(AND($I15="yes",$C15>=2000,M15<>""),M15,"") | BF15: =IF(AND($I15="yes",$C15>=2000,N15<>""),N15,"") | BG15: =IF(AND($I15="yes",$C15>=2000,O15<>""),O15,"") | BH15: =IF(AND($I15="yes",$C15>=2000,P15<>""),P15,"") | BI15: =IF(AND($I15="yes",$C15>=2000,Q15<>""),Q15,"") | BJ15: =IF(AND($I15="yes",$C15>=2000,R15<>""),R15,"")
A16: 12 | B16: A MONOGRAM CANVAS LIBRARY TRUNK WITH BRASS HARDWARE | C16: 1932 | D16: =IF(C16="","",FLOOR(C16,10)) -> 1930 | E16: Christie's | F16: https://onlineonly.christies.com/s/legendary-trunks-european-private-collection/monogram-canvas-library-trunk-brass-hardware-22/227559 | G16: LV0012.png | H16: no | I16: yes | K16: 5 | L16: 5 | M16: 5 | N16: 5 | O16: 5 | P16: 5 | Q16: 2 | R16: 5 | S16: =IF(K16="","",(K16-1)/4) -> 1 | T16: =IF(L16="","",(L16-1)/4) -> 1 | U16: =IF(M16="","",(M16-1)/4) -> 1 | V16: =IF(N16="","",(N16-1)/4) -> 1 | W16: =IF(O16="","",(O16-1)/4) -> 1 | X16: =IF(P16="","",(P16-1)/4) -> 1 | Y16: =IF(Q16="","",(Q16-1)/4) -> 0.25 | Z16: =IF(R16="","",(R16-1)/4) -> 1 | AA16: =IF(AND(S16<>"",C16<=1949,I16="yes"),S16,"") -> 1 | AB16: =IF(AND(T16<>"",C16<=1949,I16="yes"),T16,"") -> 1 | AC16: =IF(AND(U16<>"",C16<=1949,I16="yes"),U16,"") -> 1 | AD16: =IF(AND(V16<>"",C16<=1949,I16="yes"),V16,"") -> 1 | AE16: =IF(AND(W16<>"",C16<=1949,I16="yes"),W16,"") -> 1 | AF16: =IF(AND(X16<>"",C16<=1949,I16="yes"),X16,"") -> 1 | AG16: =IF(AND(Y16<>"",C16<=1949,I16="yes"),Y16,"") -> 0.25 | AH16: =IF(AND(Z16<>"",C16<=1949,I16="yes"),Z16,"") -> 1 | AI16: =IF(OR(S16="",'4_BENCHMARK'!$C$4=""),"",ABS(S16-'4_BENCHMARK'!$C$4)) -> 0 | AJ16: =IF(OR(T16="",'4_BENCHMARK'!$C$5=""),"",ABS(T16-'4_BENCHMARK'!$C$5)) -> 0 | AK16: =IF(OR(U16="",'4_BENCHMARK'!$C$6=""),"",ABS(U16-'4_BENCHMARK'!$C$6)) -> 0 | AL16: =IF(OR(V16="",'4_BENCHMARK'!$C$7=""),"",ABS(V16-'4_BENCHMARK'!$C$7)) -> 0 | AM16: =IF(OR(W16="",'4_BENCHMARK'!$C$8=""),"",ABS(W16-'4_BENCHMARK'!$C$8)) -> 1 | AN16: =IF(OR(X16="",'4_BENCHMARK'!$C$9=""),"",ABS(X16-'4_BENCHMARK'!$C$9)) -> 1 | AO16: =IF(OR(Y16="",'4_BENCHMARK'!$C$10=""),"",ABS(Y16-'4_BENCHMARK'!$C$10)) -> 0.25 | AP16: =IF(OR(Z16="",'4_BENCHMARK'!$C$11=""),"",ABS(Z16-'4_BENCHMARK'!$C$11)) -> 0 | AQ16: =IF(COUNT(AI16:AP16)<8,"",1-AVERAGE(AI16:AP16)) -> 0.71875 | AS16: trunk | AT16: =IF(COUNT(AI16:AL16,AO16:AP16)<6,"",1-AVERAGE(AI16:AL16,AO16:AP16)) -> 0.95833333 | AU16: =IF(AND($I16="yes",$C16<=1949,K16<>""),K16,"") -> 5 | AV16: =IF(AND($I16="yes",$C16<=1949,L16<>""),L16,"") -> 5 | AW16: =IF(AND($I16="yes",$C16<=1949,M16<>""),M16,"") -> 5 | AX16: =IF(AND($I16="yes",$C16<=1949,N16<>""),N16,"") -> 5 | AY16: =IF(AND($I16="yes",$C16<=1949,O16<>""),O16,"") -> 5 | AZ16: =IF(AND($I16="yes",$C16<=1949,P16<>""),P16,"") -> 5 | BA16: =IF(AND($I16="yes",$C16<=1949,Q16<>""),Q16,"") -> 2 | BB16: =IF(AND($I16="yes",$C16<=1949,R16<>""),R16,"") -> 5 | BC16: =IF(AND($I16="yes",$C16>=2000,K16<>""),K16,"") | BD16: =IF(AND($I16="yes",$C16>=2000,L16<>""),L16,"") | BE16: =IF(AND($I16="yes",$C16>=2000,M16<>""),M16,"") | BF16: =IF(AND($I16="yes",$C16>=2000,N16<>""),N16,"") | BG16: =IF(AND($I16="yes",$C16>=2000,O16<>""),O16,"") | BH16: =IF(AND($I16="yes",$C16>=2000,P16<>""),P16,"") | BI16: =IF(AND($I16="yes",$C16>=2000,Q16<>""),Q16,"") | BJ16: =IF(AND($I16="yes",$C16>=2000,R16<>""),R16,"")
... A40: 36 | B40: AN ORANGE VUITTONITE CANVAS DOUBLE-DRAWER WARDROBE TRUNK WITH BRASS HARDWARE | C40: 1951 | D40: =IF(C40="","",FLOOR(C40,10)) -> 1950 | E40: Christie's | F40: https://onlineonly.christies.com/s/legendary-trunks-european-private-collection/orange-vuittonite-canvas-double-drawer-wardrobe-trunk-brass-hardware-30/227355 | G40: LV0036.png | H40: no | I40: yes | K40: 5 | L40: 5 | M40: 5 | N40: 5 | O40: 1 | P40: 1 | Q40: 2 | R40: 5 | S40: =IF(K40="","",(K40-1)/4) -> 1 | T40: =IF(L40="","",(L40-1)/4) -> 1 | U40: =IF(M40="","",(M40-1)/4) -> 1 | V40: =IF(N40="","",(N40-1)/4) -> 1 | W40: =IF(O40="","",(O40-1)/4) -> 0 | X40: =IF(P40="","",(P40-1)/4) -> 0 | Y40: =IF(Q40="","",(Q40-1)/4) -> 0.25 | Z40: =IF(R40="","",(R40-1)/4) -> 1 | AA40: =IF(AND(S40<>"",C40<=1949,I40="yes"),S40,"") | AB40: =IF(AND(T40<>"",C40<=1949,I40="yes"),T40,"") | AC40: =IF(AND(U40<>"",C40<=1949,I40="yes"),U40,"") | AD40: =IF(AND(V40<>"",C40<=1949,I40="yes"),V40,"") | AE40: =IF(AND(W40<>"",C40<=1949,I40="yes"),W40,"") | AF40: =IF(AND(X40<>"",C40<=1949,I40="yes"),X40,"") | AG40: =IF(AND(Y40<>"",C40<=1949,I40="yes"),Y40,"") | AH40: =IF(AND(Z40<>"",C40<=1949,I40="yes"),Z40,"") | AI40: =IF(OR(S40="",'4_BENCHMARK'!$C$4=""),"",ABS(S40-'4_BENCHMARK'!$C$4)) -> 0 | AJ40: =IF(OR(T40="",'4_BENCHMARK'!$C$5=""),"",ABS(T40-'4_BENCHMARK'!$C$5)) -> 0 | AK40: =IF(OR(U40="",'4_BENCHMARK'!$C$6=""),"",ABS(U40-'4_BENCHMARK'!$C$6)) -> 0 | AL40: =IF(OR(V40="",'4_BENCHMARK'!$C$7=""),"",ABS(V40-'4_BENCHMARK'!$C$7)) -> 0 | AM40: =IF(OR(W40="",'4_BENCHMARK'!$C$8=""),"",ABS(W40-'4_BENCHMARK'!$C$8)) -> 0 | AN40: =IF(OR(X40="",'4_BENCHMARK'!$C$9=""),"",ABS(X40-'4_BENCHMARK'!$C$9)) -> 0 | AO40: =IF(OR(Y40="",'4_BENCHMARK'!$C$10=""),"",ABS(Y40-'4_BENCHMARK'!$C$10)) -> 0.25 | AP40: =IF(OR(Z40="",'4_BENCHMARK'!$C$11=""),"",ABS(Z40-'4_BENCHMARK'!$C$11)) -> 0 | AQ40: =IF(COUNT(AI40:AP40)<8,"",1-AVERAGE(AI40:AP40)) -> 0.96875 | AS40: trunk | AT40: =IF(COUNT(AI40:AL40,AO40:AP40)<6,"",1-AVERAGE(AI40:AL40,AO40:AP40)) -> 0.95833333 | AU40: =IF(AND($I40="yes",$C40<=1949,K40<>""),K40,"") | AV40: =IF(AND($I40="yes",$C40<=1949,L40<>""),L40,"") | AW40: =IF(AND($I40="yes",$C40<=1949,M40<>""),M40,"") | AX40: =IF(AND($I40="yes",$C40<=1949,N40<>""),N40,"") | AY40: =IF(AND($I40="yes",$C40<=1949,O40<>""),O40,"") | AZ40: =IF(AND($I40="yes",$C40<=1949,P40<>""),P40,"") | BA40: =IF(AND($I40="yes",$C40<=1949,Q40<>""),Q40,"") | BB40: =IF(AND($I40="yes",$C40<=1949,R40<>""),R40,"") | BC40: =IF(AND($I40="yes",$C40>=2000,K40<>""),K40,"") | BD40: =IF(AND($I40="yes",$C40>=2000,L40<>""),L40,"") | BE40: =IF(AND($I40="yes",$C40>=2000,M40<>""),M40,"") | BF40: =IF(AND($I40="yes",$C40>=2000,N40<>""),N40,"") | BG40: =IF(AND($I40="yes",$C40>=2000,O40<>""),O40,"") | BH40: =IF(AND($I40="yes",$C40>=2000,P40<>""),P40,"") | BI40: =IF(AND($I40="yes",$C40>=2000,Q40<>""),Q40,"") | BJ40: =IF(AND($I40="yes",$C40>=2000,R40<>""),R40,"")
A41: 37 | B41: A MAHOGANY RUNNING-BOARD TRUNK FOR AUTOMOBILE TOOLS WITH BRASS HARDWARE | C41: 1910 | D41: =IF(C41="","",FLOOR(C41,10)) -> 1910 | E41: Christie's | F41: https://onlineonly.christies.com/s/legendary-trunks-european-private-collection/mahogany-running-board-trunk-automobile-tools-brass-hardware-83/227592 | G41: LV0037.png | H41: no | I41: yes | J41: circa 1910 | K41: 5 | L41: 4 | M41: 5 | N41: 5 | O41: 1 | P41: 1 | Q41: 2 | R41: 5 | S41: =IF(K41="","",(K41-1)/4) -> 1 | T41: =IF(L41="","",(L41-1)/4) -> 0.75 | U41: =IF(M41="","",(M41-1)/4) -> 1 | V41: =IF(N41="","",(N41-1)/4) -> 1 | W41: =IF(O41="","",(O41-1)/4) -> 0 | X41: =IF(P41="","",(P41-1)/4) -> 0 | Y41: =IF(Q41="","",(Q41-1)/4) -> 0.25 | Z41: =IF(R41="","",(R41-1)/4) -> 1 | AA41: =IF(AND(S41<>"",C41<=1949,I41="yes"),S41,"") -> 1 | AB41: =IF(AND(T41<>"",C41<=1949,I41="yes"),T41,"") -> 0.75 | AC41: =IF(AND(U41<>"",C41<=1949,I41="yes"),U41,"") -> 1 | AD41: =IF(AND(V41<>"",C41<=1949,I41="yes"),V41,"") -> 1 | AE41: =IF(AND(W41<>"",C41<=1949,I41="yes"),W41,"") -> 0 | AF41: =IF(AND(X41<>"",C41<=1949,I41="yes"),X41,"") -> 0 | AG41: =IF(AND(Y41<>"",C41<=1949,I41="yes"),Y41,"") -> 0.25 | AH41: =IF(AND(Z41<>"",C41<=1949,I41="yes"),Z41,"") -> 1 | AI41: =IF(OR(S41="",'4_BENCHMARK'!$C$4=""),"",ABS(S41-'4_BENCHMARK'!$C$4)) -> 0 | AJ41: =IF(OR(T41="",'4_BENCHMARK'!$C$5=""),"",ABS(T41-'4_BENCHMARK'!$C$5)) -> 0.25 | AK41: =IF(OR(U41="",'4_BENCHMARK'!$C$6=""),"",ABS(U41-'4_BENCHMARK'!$C$6)) -> 0 | AL41: =IF(OR(V41="",'4_BENCHMARK'!$C$7=""),"",ABS(V41-'4_BENCHMARK'!$C$7)) -> 0 | AM41: =IF(OR(W41="",'4_BENCHMARK'!$C$8=""),"",ABS(W41-'4_BENCHMARK'!$C$8)) -> 0 | AN41: =IF(OR(X41="",'4_BENCHMARK'!$C$9=""),"",ABS(X41-'4_BENCHMARK'!$C$9)) -> 0 | AO41: =IF(OR(Y41="",'4_BENCHMARK'!$C$10=""),"",ABS(Y41-'4_BENCHMARK'!$C$10)) -> 0.25 | AP41: =IF(OR(Z41="",'4_BENCHMARK'!$C$11=""),"",ABS(Z41-'4_BENCHMARK'!$C$11)) -> 0 | AQ41: =IF(COUNT(AI41:AP41)<8,"",1-AVERAGE(AI41:AP41)) -> 0.9375 | AR41: yes | AS41: trunk | AT41: =IF(COUNT(AI41:AL41,AO41:AP41)<6,"",1-AVERAGE(AI41:AL41,AO41:AP41)) -> 0.91666667 | AU41: =IF(AND($I41="yes",$C41<=1949,K41<>""),K41,"") -> 5 | AV41: =IF(AND($I41="yes",$C41<=1949,L41<>""),L41,"") -> 4 | AW41: =IF(AND($I41="yes",$C41<=1949,M41<>""),M41,"") -> 5 | AX41: =IF(AND($I41="yes",$C41<=1949,N41<>""),N41,"") -> 5 | AY41: =IF(AND($I41="yes",$C41<=1949,O41<>""),O41,"") -> 1 | AZ41: =IF(AND($I41="yes",$C41<=1949,P41<>""),P41,"") -> 1 | BA41: =IF(AND($I41="yes",$C41<=1949,Q41<>""),Q41,"") -> 2 | BB41: =IF(AND($I41="yes",$C41<=1949,R41<>""),R41,"") -> 5 | BC41: =IF(AND($I41="yes",$C41>=2000,K41<>""),K41,"") | BD41: =IF(AND($I41="yes",$C41>=2000,L41<>""),L41,"") | BE41: =IF(AND($I41="yes",$C41>=2000,M41<>""),M41,"") | BF41: =IF(AND($I41="yes",$C41>=2000,N41<>""),N41,"") | BG41: =IF(AND($I41="yes",$C41>=2000,O41<>""),O41,"") | BH41: =IF(AND($I41="yes",$C41>=2000,P41<>""),P41,"") | BI41: =IF(AND($I41="yes",$C41>=2000,Q41<>""),Q41,"") | BJ41: =IF(AND($I41="yes",$C41>=2000,R41<>""),R41,"")
A42: 38 | B42: A VERY RARE, BROWN AND TAN PATTERNED STENCILED CANVAS & WOOD MALLE COURRIER 110 | C42: 1890 | D42: =IF(C42="","",FLOOR(C42,10)) -> 1890 | E42: Christie's | F42: https://onlineonly.christies.com/s/handbags-online-new-york-edit/very-rare-brown-tan-patterned-stenciled-canvas-wood-malle-courrier-110-63/205210 | G42: LV0038.png | H42: no | I42: yes | J42: circa 1890 | K42: 5 | L42: 5 | M42: 5 | N42: 5 | O42: 1 | P42: 1 | Q42: 2 | R42: 5 | S42: =IF(K42="","",(K42-1)/4) -> 1 | T42: =IF(L42="","",(L42-1)/4) -> 1 | U42: =IF(M42="","",(M42-1)/4) -> 1 | V42: =IF(N42="","",(N42-1)/4) -> 1 | W42: =IF(O42="","",(O42-1)/4) -> 0 | X42: =IF(P42="","",(P42-1)/4) -> 0 | Y42: =IF(Q42="","",(Q42-1)/4) -> 0.25 | Z42: =IF(R42="","",(R42-1)/4) -> 1 | AA42: =IF(AND(S42<>"",C42<=1949,I42="yes"),S42,"") -> 1 | AB42: =IF(AND(T42<>"",C42<=1949,I42="yes"),T42,"") -> 1 | AC42: =IF(AND(U42<>"",C42<=1949,I42="yes"),U42,"") -> 1 | AD42: =IF(AND(V42<>"",C42<=1949,I42="yes"),V42,"") -> 1 | AE42: =IF(AND(W42<>"",C42<=1949,I42="yes"),W42,"") -> 0 | AF42: =IF(AND(X42<>"",C42<=1949,I42="yes"),X42,"") -> 0 | AG42: =IF(AND(Y42<>"",C42<=1949,I42="yes"),Y42,"") -> 0.25 | AH42: =IF(AND(Z42<>"",C42<=1949,I42="yes"),Z42,"") -> 1 | AI42: =IF(OR(S42="",'4_BENCHMARK'!$C$4=""),"",ABS(S42-'4_BENCHMARK'!$C$4)) -> 0 | AJ42: =IF(OR(T42="",'4_BENCHMARK'!$C$5=""),"",ABS(T42-'4_BENCHMARK'!$C$5)) -> 0 | AK42: =IF(OR(U42="",'4_BENCHMARK'!$C$6=""),"",ABS(U42-'4_BENCHMARK'!$C$6)) -> 0 | AL42: =IF(OR(V42="",'4_BENCHMARK'!$C$7=""),"",ABS(V42-'4_BENCHMARK'!$C$7)) -> 0 | AM42: =IF(OR(W42="",'4_BENCHMARK'!$C$8=""),"",ABS(W42-'4_BENCHMARK'!$C$8)) -> 0 | AN42: =IF(OR(X42="",'4_BENCHMARK'!$C$9=""),"",ABS(X42-'4_BENCHMARK'!$C$9)) -> 0 | AO42: =IF(OR(Y42="",'4_BENCHMARK'!$C$10=""),"",ABS(Y42-'4_BENCHMARK'!$C$10)) -> 0.25 | AP42: =IF(OR(Z42="",'4_BENCHMARK'!$C$11=""),"",ABS(Z42-'4_BENCHMARK'!$C$11)) -> 0 | AQ42: =IF(COUNT(AI42:AP42)<8,"",1-AVERAGE(AI42:AP42)) -> 0.96875 | AS42: trunk | AT42: =IF(COUNT(AI42:AL42,AO42:AP42)<6,"",1-AVERAGE(AI42:AL42,AO42:AP42)) -> 0.95833333 | AU42: =IF(AND($I42="yes",$C42<=1949,K42<>""),K42,"") -> 5 | AV42: =IF(AND($I42="yes",$C42<=1949,L42<>""),L42,"") -> 5 | AW42: =IF(AND($I42="yes",$C42<=1949,M42<>""),M42,"") -> 5 | AX42: =IF(AND($I42="yes",$C42<=1949,N42<>""),N42,"") -> 5 | AY42: =IF(AND($I42="yes",$C42<=1949,O42<>""),O42,"") -> 1 | AZ42: =IF(AND($I42="yes",$C42<=1949,P42<>""),P42,"") -> 1 | BA42: =IF(AND($I42="yes",$C42<=1949,Q42<>""),Q42,"") -> 2 | BB42: =IF(AND($I42="yes",$C42<=1949,R42<>""),R42,"") -> 5 | BC42: =IF(AND($I42="yes",$C42>=2000,K42<>""),K42,"") | BD42: =IF(AND($I42="yes",$C42>=2000,L42<>""),L42,"") | BE42: =IF(AND($I42="yes",$C42>=2000,M42<>""),M42,"") | BF42: =IF(AND($I42="yes",$C42>=2000,N42<>""),N42,"") | BG42: =IF(AND($I42="yes",$C42>=2000,O42<>""),O42,"") | BH42: =IF(AND($I42="yes",$C42>=2000,P42<>""),P42,"") | BI42: =IF(AND($I42="yes",$C42>=2000,Q42<>""),Q42,"") | BJ42: =IF(AND($I42="yes",$C42>=2000,R42<>""),R42,"")
A43: 39 | B43: A CUSTOM GRAPHITE DAMIER CANVAS WATCH & JEWELLERY TRUNK | C43: 2016 | D43: =IF(C43="","",FLOOR(C43,10)) -> 2010 | E43: Christie's | F43: https://www.christies.com/en/lot/lot-6144072 | G43: LV0039.png | H43: yes | I43: yes | K43: 5 | L43: 5 | M43: 5 | N43: 5 | O43: 1 | P43: 1 | Q43: 2 | R43: 5 | S43: =IF(K43="","",(K43-1)/4) -> 1 | T43: =IF(L43="","",(L43-1)/4) -> 1 | U43: =IF(M43="","",(M43-1)/4) -> 1 | V43: =IF(N43="","",(N43-1)/4) -> 1 | W43: =IF(O43="","",(O43-1)/4) -> 0 | X43: =IF(P43="","",(P43-1)/4) -> 0 | Y43: =IF(Q43="","",(Q43-1)/4) -> 0.25 | Z43: =IF(R43="","",(R43-1)/4) -> 1 | AA43: =IF(AND(S43<>"",C43<=1949,I43="yes"),S43,"") | AB43: =IF(AND(T43<>"",C43<=1949,I43="yes"),T43,"") | AC43: =IF(AND(U43<>"",C43<=1949,I43="yes"),U43,"") | AD43: =IF(AND(V43<>"",C43<=1949,I43="yes"),V43,"") | AE43: =IF(AND(W43<>"",C43<=1949,I43="yes"),W43,"") | AF43: =IF(AND(X43<>"",C43<=1949,I43="yes"),X43,"") | AG43: =IF(AND(Y43<>"",C43<=1949,I43="yes"),Y43,"") | AH43: =IF(AND(Z43<>"",C43<=1949,I43="yes"),Z43,"") | AI43: =IF(OR(S43="",'4_BENCHMARK'!$C$4=""),"",ABS(S43-'4_BENCHMARK'!$C$4)) -> 0 | AJ43: =IF(OR(T43="",'4_BENCHMARK'!$C$5=""),"",ABS(T43-'4_BENCHMARK'!$C$5)) -> 0 | AK43: =IF(OR(U43="",'4_BENCHMARK'!$C$6=""),"",ABS(U43-'4_BENCHMARK'!$C$6)) -> 0 | AL43: =IF(OR(V43="",'4_BENCHMARK'!$C$7=""),"",ABS(V43-'4_BENCHMARK'!$C$7)) -> 0 | AM43: =IF(OR(W43="",'4_BENCHMARK'!$C$8=""),"",ABS(W43-'4_BENCHMARK'!$C$8)) -> 0 | AN43: =IF(OR(X43="",'4_BENCHMARK'!$C$9=""),"",ABS(X43-'4_BENCHMARK'!$C$9)) -> 0 | AO43: =IF(OR(Y43="",'4_BENCHMARK'!$C$10=""),"",ABS(Y43-'4_BENCHMARK'!$C$10)) -> 0.25 | AP43: =IF(OR(Z43="",'4_BENCHMARK'!$C$11=""),"",ABS(Z43-'4_BENCHMARK'!$C$11)) -> 0 | AQ43: =IF(COUNT(AI43:AP43)<8,"",1-AVERAGE(AI43:AP43)) -> 0.96875 | AS43: trunk | AT43: =IF(COUNT(AI43:AL43,AO43:AP43)<6,"",1-AVERAGE(AI43:AL43,AO43:AP43)) -> 0.95833333 | AU43: =IF(AND($I43="yes",$C43<=1949,K43<>""),K43,"") | AV43: =IF(AND($I43="yes",$C43<=1949,L43<>""),L43,"") | AW43: =IF(AND($I43="yes",$C43<=1949,M43<>""),M43,"") | AX43: =IF(AND($I43="yes",$C43<=1949,N43<>""),N43,"") | AY43: =IF(AND($I43="yes",$C43<=1949,O43<>""),O43,"") | AZ43: =IF(AND($I43="yes",$C43<=1949,P43<>""),P43,"") | BA43: =IF(AND($I43="yes",$C43<=1949,Q43<>""),Q43,"") | BB43: =IF(AND($I43="yes",$C43<=1949,R43<>""),R43,"") | BC43: =IF(AND($I43="yes",$C43>=2000,K43<>""),K43,"") -> 5 | BD43: =IF(AND($I43="yes",$C43>=2000,L43<>""),L43,"") -> 5 | BE43: =IF(AND($I43="yes",$C43>=2000,M43<>""),M43,"") -> 5 | BF43: =IF(AND($I43="yes",$C43>=2000,N43<>""),N43,"") -> 5 | BG43: =IF(AND($I43="yes",$C43>=2000,O43<>""),O43,"") -> 1 | BH43: =IF(AND($I43="yes",$C43>=2000,P43<>""),P43,"") -> 1 | BI43: =IF(AND($I43="yes",$C43>=2000,Q43<>""),Q43,"") -> 2 | BJ43: =IF(AND($I43="yes",$C43>=2000,R43<>""),R43,"") -> 5
A44: 40 | B44: A NATURAL COWHIDE LEATHER IDEAL TRUNK WITH BRASS HARDWARE | C44: 1894 | D44: =IF(C44="","",FLOOR(C44,10)) -> 1890 | E44: Christie's | F44: https://onlineonly.christies.com/s/legendary-trunks-european-private-collection/natural-cowhide-leather-ideal-trunk-brass-hardware-5/227546 | G44: LV0040.png | H44: no | I44: yes | K44: 4 | L44: 5 | M44: 5 | N44: 5 | O44: 1 | P44: 1 | Q44: 2 | R44: 5 | S44: =IF(K44="","",(K44-1)/4) -> 0.75 | T44: =IF(L44="","",(L44-1)/4) -> 1 | U44: =IF(M44="","",(M44-1)/4) -> 1 | V44: =IF(N44="","",(N44-1)/4) -> 1 | W44: =IF(O44="","",(O44-1)/4) -> 0 | X44: =IF(P44="","",(P44-1)/4) -> 0 | Y44: =IF(Q44="","",(Q44-1)/4) -> 0.25 | Z44: =IF(R44="","",(R44-1)/4) -> 1 | AA44: =IF(AND(S44<>"",C44<=1949,I44="yes"),S44,"") -> 0.75 | AB44: =IF(AND(T44<>"",C44<=1949,I44="yes"),T44,"") -> 1 | AC44: =IF(AND(U44<>"",C44<=1949,I44="yes"),U44,"") -> 1 | AD44: =IF(AND(V44<>"",C44<=1949,I44="yes"),V44,"") -> 1 | AE44: =IF(AND(W44<>"",C44<=1949,I44="yes"),W44,"") -> 0 | AF44: =IF(AND(X44<>"",C44<=1949,I44="yes"),X44,"") -> 0 | AG44: =IF(AND(Y44<>"",C44<=1949,I44="yes"),Y44,"") -> 0.25 | AH44: =IF(AND(Z44<>"",C44<=1949,I44="yes"),Z44,"") -> 1 | AI44: =IF(OR(S44="",'4_BENCHMARK'!$C$4=""),"",ABS(S44-'4_BENCHMARK'!$C$4)) -> 0.25 | AJ44: =IF(OR(T44="",'4_BENCHMARK'!$C$5=""),"",ABS(T44-'4_BENCHMARK'!$C$5)) -> 0 | AK44: =IF(OR(U44="",'4_BENCHMARK'!$C$6=""),"",ABS(U44-'4_BENCHMARK'!$C$6)) -> 0 | AL44: =IF(OR(V44="",'4_BENCHMARK'!$C$7=""),"",ABS(V44-'4_BENCHMARK'!$C$7)) -> 0 | AM44: =IF(OR(W44="",'4_BENCHMARK'!$C$8=""),"",ABS(W44-'4_BENCHMARK'!$C$8)) -> 0 | AN44: =IF(OR(X44="",'4_BENCHMARK'!$C$9=""),"",ABS(X44-'4_BENCHMARK'!$C$9)) -> 0 | AO44: =IF(OR(Y44="",'4_BENCHMARK'!$C$10=""),"",ABS(Y44-'4_BENCHMARK'!$C$10)) -> 0.25 | AP44: =IF(OR(Z44="",'4_BENCHMARK'!$C$11=""),"",ABS(Z44-'4_BENCHMARK'!$C$11)) -> 0 | AQ44: =IF(COUNT(AI44:AP44)<8,"",1-AVERAGE(AI44:AP44)) -> 0.9375 | AS44: trunk | AT44: =IF(COUNT(AI44:AL44,AO44:AP44)<6,"",1-AVERAGE(AI44:AL44,AO44:AP44)) -> 0.91666667 | AU44: =IF(AND($I44="yes",$C44<=1949,K44<>""),K44,"") -> 4 | AV44: =IF(AND($I44="yes",$C44<=1949,L44<>""),L44,"") -> 5 | AW44: =IF(AND($I44="yes",$C44<=1949,M44<>""),M44,"") -> 5 | AX44: =IF(AND($I44="yes",$C44<=1949,N44<>""),N44,"") -> 5 | AY44: =IF(AND($I44="yes",$C44<=1949,O44<>""),O44,"") -> 1 | AZ44: =IF(AND($I44="yes",$C44<=1949,P44<>""),P44,"") -> 1 | BA44: =IF(AND($I44="yes",$C44<=1949,Q44<>""),Q44,"") -> 2 | BB44: =IF(AND($I44="yes",$C44<=1949,R44<>""),R44,"") -> 5 | BC44: =IF(AND($I44="yes",$C44>=2000,K44<>""),K44,"") | BD44: =IF(AND($I44="yes",$C44>=2000,L44<>""),L44,"") | BE44: =IF(AND($I44="yes",$C44>=2000,M44<>""),M44,"") | BF44: =IF(AND($I44="yes",$C44>=2000,N44<>""),N44,"") | BG44: =IF(AND($I44="yes",$C44>=2000,O44<>""),O44,"") | BH44: =IF(AND($I44="yes",$C44>=2000,P44<>""),P44,"") | BI44: =IF(AND($I44="yes",$C44>=2000,Q44<>""),Q44,"") | BJ44: =IF(AND($I44="yes",$C44>=2000,R44<>""),R44,"")
A45: 41 | B45: A LIMITED EDITION CLASSIC MONOGRAM CANVAS & BLACK CALFSKIN AIRPLANE-SHAPE BAG WITH BLACK HARDWARE BY VIRGIL ABLOH | C45: 2021 | D45: =IF(C45="","",FLOOR(C45,10)) -> 2020 | E45: Christie's | F45: https://www.christies.com/en/lot/lot-6558303 | G45: LV0041.png | H45: yes | I45: yes | J45: airplane shaped | K45: 3 | L45: 2 | M45: 2 | N45: 5 | O45: 5 | P45: 5 | Q45: 1 | R45: 3 | S45: =IF(K45="","",(K45-1)/4) -> 0.5 | T45: =IF(L45="","",(L45-1)/4) -> 0.25 | U45: =IF(M45="","",(M45-1)/4) -> 0.25 | V45: =IF(N45="","",(N45-1)/4) -> 1 | W45: =IF(O45="","",(O45-1)/4) -> 1 | X45: =IF(P45="","",(P45-1)/4) -> 1 | Y45: =IF(Q45="","",(Q45-1)/4) -> 0 | Z45: =IF(R45="","",(R45-1)/4) -> 0.5 | AA45: =IF(AND(S45<>"",C45<=1949,I45="yes"),S45,"") | AB45: =IF(AND(T45<>"",C45<=1949,I45="yes"),T45,"") | AC45: =IF(AND(U45<>"",C45<=1949,I45="yes"),U45,"") | AD45: =IF(AND(V45<>"",C45<=1949,I45="yes"),V45,"") | AE45: =IF(AND(W45<>"",C45<=1949,I45="yes"),W45,"") | AF45: =IF(AND(X45<>"",C45<=1949,I45="yes"),X45,"") | AG45: =IF(AND(Y45<>"",C45<=1949,I45="yes"),Y45,"") | AH45: =IF(AND(Z45<>"",C45<=1949,I45="yes"),Z45,"") | AI45: =IF(OR(S45="",'4_BENCHMARK'!$C$4=""),"",ABS(S45-'4_BENCHMARK'!$C$4)) -> 0.5 | AJ45: =IF(OR(T45="",'4_BENCHMARK'!$C$5=""),"",ABS(T45-'4_BENCHMARK'!$C$5)) -> 0.75 | AK45: =IF(OR(U45="",'4_BENCHMARK'!$C$6=""),"",ABS(U45-'4_BENCHMARK'!$C$6)) -> 0.75 | AL45: =IF(OR(V45="",'4_BENCHMARK'!$C$7=""),"",ABS(V45-'4_BENCHMARK'!$C$7)) -> 0 | AM45: =IF(OR(W45="",'4_BENCHMARK'!$C$8=""),"",ABS(W45-'4_BENCHMARK'!$C$8)) -> 1 | AN45: =IF(OR(X45="",'4_BENCHMARK'!$C$9=""),"",ABS(X45-'4_BENCHMARK'!$C$9)) -> 1 | AO45: =IF(OR(Y45="",'4_BENCHMARK'!$C$10=""),"",ABS(Y45-'4_BENCHMARK'!$C$10)) -> 0.5 | AP45: =IF(OR(Z45="",'4_BENCHMARK'!$C$11=""),"",ABS(Z45-'4_BENCHMARK'!$C$11)) -> 0.5 | AQ45: =IF(COUNT(AI45:AP45)<8,"",1-AVERAGE(AI45:AP45)) -> 0.375 | AS45: bag | AT45: =IF(COUNT(AI45:AL45,AO45:AP45)<6,"",1-AVERAGE(AI45:AL45,AO45:AP45)) -> 0.5 | AU45: =IF(AND($I45="yes",$C45<=1949,K45<>""),K45,"") | AV45: =IF(AND($I45="yes",$C45<=1949,L45<>""),L45,"") | AW45: =IF(AND($I45="yes",$C45<=1949,M45<>""),M45,"") | AX45: =IF(AND($I45="yes",$C45<=1949,N45<>""),N45,"") | AY45: =IF(AND($I45="yes",$C45<=1949,O45<>""),O45,"") | AZ45: =IF(AND($I45="yes",$C45<=1949,P45<>""),P45,"") | BA45: =IF(AND($I45="yes",$C45<=1949,Q45<>""),Q45,"") | BB45: =IF(AND($I45="yes",$C45<=1949,R45<>""),R45,"") | BC45: =IF(AND($I45="yes",$C45>=2000,K45<>""),K45,"") -> 3 | BD45: =IF(AND($I45="yes",$C45>=2000,L45<>""),L45,"") -> 2 | BE45: =IF(AND($I45="yes",$C45>=2000,M45<>""),M45,"") -> 2 | BF45: =IF(AND($I45="yes",$C45>=2000,N45<>""),N45,"") -> 5 | BG45: =IF(AND($I45="yes",$C45>=2000,O45<>""),O45,"") -> 5 | BH45: =IF(AND($I45="yes",$C45>=2000,P45<>""),P45,"") -> 5 | BI45: =IF(AND($I45="yes",$C45>=2000,Q45<>""),Q45,"") -> 1 | BJ45: =IF(AND($I45="yes",$C45>=2000,R45<>""),R45,"") -> 3
A46: 42 | B46: A RARE, MONOGRAM CANVAS EXPLORATOR'S CAMP BED TRUNK WITH BRASS HARDWARE | C46: 1911 | D46: =IF(C46="","",FLOOR(C46,10)) -> 1910 | E46: Christie's | F46: https://onlineonly.christies.com/s/legendary-trunks-european-private-collection-part-ii/rare-monogram-canvas-explorators-camp-bed-trunk-brass-hardware-33/262983 | G46: LV0042.png | H46: no | I46: yes | K46: 5 | L46: 5 | M46: 5 | N46: 5 | O46: 5 | P46: 5 | Q46: 3 | R46: 5 | S46: =IF(K46="","",(K46-1)/4) -> 1 | T46: =IF(L46="","",(L46-1)/4) -> 1 | U46: =IF(M46="","",(M46-1)/4) -> 1 | V46: =IF(N46="","",(N46-1)/4) -> 1 | W46: =IF(O46="","",(O46-1)/4) -> 1 | X46: =IF(P46="","",(P46-1)/4) -> 1 | Y46: =IF(Q46="","",(Q46-1)/4) -> 0.5 | Z46: =IF(R46="","",(R46-1)/4) -> 1 | AA46: =IF(AND(S46<>"",C46<=1949,I46="yes"),S46,"") -> 1 | AB46: =IF(AND(T46<>"",C46<=1949,I46="yes"),T46,"") -> 1 | AC46: =IF(AND(U46<>"",C46<=1949,I46="yes"),U46,"") -> 1 | AD46: =IF(AND(V46<>"",C46<=1949,I46="yes"),V46,"") -> 1 | AE46: =IF(AND(W46<>"",C46<=1949,I46="yes"),W46,"") -> 1 | AF46: =IF(AND(X46<>"",C46<=1949,I46="yes"),X46,"") -> 1 | AG46: =IF(AND(Y46<>"",C46<=1949,I46="yes"),Y46,"") -> 0.5 | AH46: =IF(AND(Z46<>"",C46<=1949,I46="yes"),Z46,"") -> 1 | AI46: =IF(OR(S46="",'4_BENCHMARK'!$C$4=""),"",ABS(S46-'4_BENCHMARK'!$C$4)) -> 0 | AJ46: =IF(OR(T46="",'4_BENCHMARK'!$C$5=""),"",ABS(T46-'4_BENCHMARK'!$C$5)) -> 0 | AK46: =IF(OR(U46="",'4_BENCHMARK'!$C$6=""),"",ABS(U46-'4_BENCHMARK'!$C$6)) -> 0 | AL46: =IF(OR(V46="",'4_BENCHMARK'!$C$7=""),"",ABS(V46-'4_BENCHMARK'!$C$7)) -> 0 | AM46: =IF(OR(W46="",'4_BENCHMARK'!$C$8=""),"",ABS(W46-'4_BENCHMARK'!$C$8)) -> 1 | AN46: =IF(OR(X46="",'4_BENCHMARK'!$C$9=""),"",ABS(X46-'4_BENCHMARK'!$C$9)) -> 1 | AO46: =IF(OR(Y46="",'4_BENCHMARK'!$C$10=""),"",ABS(Y46-'4_BENCHMARK'!$C$10)) -> 0 | AP46: =IF(OR(Z46="",'4_BENCHMARK'!$C$11=""),"",ABS(Z46-'4_BENCHMARK'!$C$11)) -> 0 | AQ46: =IF(COUNT(AI46:AP46)<8,"",1-AVERAGE(AI46:AP46)) -> 0.75 | AS46: trunk | AT46: =IF(COUNT(AI46:AL46,AO46:AP46)<6,"",1-AVERAGE(AI46:AL46,AO46:AP46)) -> 1 | AU46: =IF(AND($I46="yes",$C46<=1949,K46<>""),K46,"") -> 5 | AV46: =IF(AND($I46="yes",$C46<=1949,L46<>""),L46,"") -> 5 | AW46: =IF(AND($I46="yes",$C46<=1949,M46<>""),M46,"") -> 5 | AX46: =IF(AND($I46="yes",$C46<=1949,N46<>""),N46,"") -> 5 | AY46: =IF(AND($I46="yes",$C46<=1949,O46<>""),O46,"") -> 5 | AZ46: =IF(AND($I46="yes",$C46<=1949,P46<>""),P46,"") -> 5 | BA46: =IF(AND($I46="yes",$C46<=1949,Q46<>""),Q46,"") -> 3 | BB46: =IF(AND($I46="yes",$C46<=1949,R46<>""),R46,"") -> 5 | BC46: =IF(AND($I46="yes",$C46>=2000,K46<>""),K46,"") | BD46: =IF(AND($I46="yes",$C46>=2000,L46<>""),L46,"") | BE46: =IF(AND($I46="yes",$C46>=2000,M46<>""),M46,"") | BF46: =IF(AND($I46="yes",$C46>=2000,N46<>""),N46,"") | BG46: =IF(AND($I46="yes",$C46>=2000,O46<>""),O46,"") | BH46: =IF(AND($I46="yes",$C46>=2000,P46<>""),P46,"") | BI46: =IF(AND($I46="yes",$C46>=2000,Q46<>""),Q46,"") | BJ46: =IF(AND($I46="yes",$C46>=2000,R46<>""),R46,"")
A47: 43 | B47: A DAMIER CANVAS MEN HIGH 90 TRUNK WITH BRASS HARDWARE | C47: 1896 | D47: =IF(C47="","",FLOOR(C47,10)) -> 1890 | E47: Christie's | F47: https://onlineonly.christies.com/s/legendary-trunks-european-private-collection/damier-canvas-men-high-90-trunk-brass-hardware-61/227385 | G47: LV0043.png | H47: no | I47: yes | K47: 5 | L47: 5 | M47: 5 | N47: 5 | O47: 1 | P47: 1 | Q47: 3 | R47: 5 | S47: =IF(K47="","",(K47-1)/4) -> 1 | T47: =IF(L47="","",(L47-1)/4) -> 1 | U47: =IF(M47="","",(M47-1)/4) -> 1 | V47: =IF(N47="","",(N47-1)/4) -> 1 | W47: =IF(O47="","",(O47-1)/4) -> 0 | X47: =IF(P47="","",(P47-1)/4) -> 0 | Y47: =IF(Q47="","",(Q47-1)/4) -> 0.5 | Z47: =IF(R47="","",(R47-1)/4) -> 1 | AA47: =IF(AND(S47<>"",C47<=1949,I47="yes"),S47,"") -> 1 | AB47: =IF(AND(T47<>"",C47<=1949,I47="yes"),T47,"") -> 1 | AC47: =IF(AND(U47<>"",C47<=1949,I47="yes"),U47,"") -> 1 | AD47: =IF(AND(V47<>"",C47<=1949,I47="yes"),V47,"") -> 1 | AE47: =IF(AND(W47<>"",C47<=1949,I47="yes"),W47,"") -> 0 | AF47: =IF(AND(X47<>"",C47<=1949,I47="yes"),X47,"") -> 0 | AG47: =IF(AND(Y47<>"",C47<=1949,I47="yes"),Y47,"") -> 0.5 | AH47: =IF(AND(Z47<>"",C47<=1949,I47="yes"),Z47,"") -> 1 | AI47: =IF(OR(S47="",'4_BENCHMARK'!$C$4=""),"",ABS(S47-'4_BENCHMARK'!$C$4)) -> 0 | AJ47: =IF(OR(T47="",'4_BENCHMARK'!$C$5=""),"",ABS(T47-'4_BENCHMARK'!$C$5)) -> 0 | AK47: =IF(OR(U47="",'4_BENCHMARK'!$C$6=""),"",ABS(U47-'4_BENCHMARK'!$C$6)) -> 0 | AL47: =IF(OR(V47="",'4_BENCHMARK'!$C$7=""),"",ABS(V47-'4_BENCHMARK'!$C$7)) -> 0 | AM47: =IF(OR(W47="",'4_BENCHMARK'!$C$8=""),"",ABS(W47-'4_BENCHMARK'!$C$8)) -> 0 | AN47: =IF(OR(X47="",'4_BENCHMARK'!$C$9=""),"",ABS(X47-'4_BENCHMARK'!$C$9)) -> 0 | AO47: =IF(OR(Y47="",'4_BENCHMARK'!$C$10=""),"",ABS(Y47-'4_BENCHMARK'!$C$10)) -> 0 | AP47: =IF(OR(Z47="",'4_BENCHMARK'!$C$11=""),"",ABS(Z47-'4_BENCHMARK'!$C$11)) -> 0 | AQ47: =IF(COUNT(AI47:AP47)<8,"",1-AVERAGE(AI47:AP47)) -> 1 | AS47: trunk | AT47: =IF(COUNT(AI47:AL47,AO47:AP47)<6,"",1-AVERAGE(AI47:AL47,AO47:AP47)) -> 1 | AU47: =IF(AND($I47="yes",$C47<=1949,K47<>""),K47,"") -> 5 | AV47: =IF(AND($I47="yes",$C47<=1949,L47<>""),L47,"") -> 5 | AW47: =IF(AND($I47="yes",$C47<=1949,M47<>""),M47,"") -> 5 | AX47: =IF(AND($I47="yes",$C47<=1949,N47<>""),N47,"") -> 5 | AY47: =IF(AND($I47="yes",$C47<=1949,O47<>""),O47,"") -> 1 | AZ47: =IF(AND($I47="yes",$C47<=1949,P47<>""),P47,"") -> 1 | BA47: =IF(AND($I47="yes",$C47<=1949,Q47<>""),Q47,"") -> 3 | BB47: =IF(AND($I47="yes",$C47<=1949,R47<>""),R47,"") -> 5 | BC47: =IF(AND($I47="yes",$C47>=2000,K47<>""),K47,"") | BD47: =IF(AND($I47="yes",$C47>=2000,L47<>""),L47,"") | BE47: =IF(AND($I47="yes",$C47>=2000,M47<>""),M47,"") | BF47: =IF(AND($I47="yes",$C47>=2000,N47<>""),N47,"") | BG47: =IF(AND($I47="yes",$C47>=2000,O47<>""),O47,"") | BH47: =IF(AND($I47="yes",$C47>=2000,P47<>""),P47,"") | BI47: =IF(AND($I47="yes",$C47>=2000,Q47<>""),Q47,"") | BJ47: =IF(AND($I47="yes",$C47>=2000,R47<>""),R47,"")
A48: 44 | B48: A GROUP OF TWO: AN ORANGE VUITTONITE CANVAS DESK TRUNK FOR LINEN & AN ORANGE VUITTONITE CANVAS LOW 110 TRUNK WITH BRASS HARDWARE | C48: 1909 | D48: =IF(C48="","",FLOOR(C48,10)) -> 1900 | E48: Christie's | F48: https://onlineonly.christies.com/s/legendary-trunks-european-private-collection-part-ii/group-two-orange-vuittonite-canvas-desk-trunk-linen-orange-vuittonite-11/262958 | G48: LV0044.png | H48: no | I48: yes | K48: 5 | L48: 5 | M48: 5 | N48: 5 | O48: 1 | P48: 1 | Q48: 2 | R48: 5 | S48: =IF(K48="","",(K48-1)/4) -> 1 | T48: =IF(L48="","",(L48-1)/4) -> 1 | U48: =IF(M48="","",(M48-1)/4) -> 1 | V48: =IF(N48="","",(N48-1)/4) -> 1 | W48: =IF(O48="","",(O48-1)/4) -> 0 | X48: =IF(P48="","",(P48-1)/4) -> 0 | Y48: =IF(Q48="","",(Q48-1)/4) -> 0.25 | Z48: =IF(R48="","",(R48-1)/4) -> 1 | AA48: =IF(AND(S48<>"",C48<=1949,I48="yes"),S48,"") -> 1 | AB48: =IF(AND(T48<>"",C48<=1949,I48="yes"),T48,"") -> 1 | AC48: =IF(AND(U48<>"",C48<=1949,I48="yes"),U48,"") -> 1 | AD48: =IF(AND(V48<>"",C48<=1949,I48="yes"),V48,"") -> 1 | AE48: =IF(AND(W48<>"",C48<=1949,I48="yes"),W48,"") -> 0 | AF48: =IF(AND(X48<>"",C48<=1949,I48="yes"),X48,"") -> 0 | AG48: =IF(AND(Y48<>"",C48<=1949,I48="yes"),Y48,"") -> 0.25 | AH48: =IF(AND(Z48<>"",C48<=1949,I48="yes"),Z48,"") -> 1 | AI48: =IF(OR(S48="",'4_BENCHMARK'!$C$4=""),"",ABS(S48-'4_BENCHMARK'!$C$4)) -> 0 | AJ48: =IF(OR(T48="",'4_BENCHMARK'!$C$5=""),"",ABS(T48-'4_BENCHMARK'!$C$5)) -> 0 | AK48: =IF(OR(U48="",'4_BENCHMARK'!$C$6=""),"",ABS(U48-'4_BENCHMARK'!$C$6)) -> 0 | AL48: =IF(OR(V48="",'4_BENCHMARK'!$C$7=""),"",ABS(V48-'4_BENCHMARK'!$C$7)) -> 0 | AM48: =IF(OR(W48="",'4_BENCHMARK'!$C$8=""),"",ABS(W48-'4_BENCHMARK'!$C$8)) -> 0 | AN48: =IF(OR(X48="",'4_BENCHMARK'!$C$9=""),"",ABS(X48-'4_BENCHMARK'!$C$9)) -> 0 | AO48: =IF(OR(Y48="",'4_BENCHMARK'!$C$10=""),"",ABS(Y48-'4_BENCHMARK'!$C$10)) -> 0.25 | AP48: =IF(OR(Z48="",'4_BENCHMARK'!$C$11=""),"",ABS(Z48-'4_BENCHMARK'!$C$11)) -> 0 | AQ48: =IF(COUNT(AI48:AP48)<8,"",1-AVERAGE(AI48:AP48)) -> 0.96875 | AS48: trunk | AT48: =IF(COUNT(AI48:AL48,AO48:AP48)<6,"",1-AVERAGE(AI48:AL48,AO48:AP48)) -> 0.95833333 | AU48: =IF(AND($I48="yes",$C48<=1949,K48<>""),K48,"") -> 5 | AV48: =IF(AND($I48="yes",$C48<=1949,L48<>""),L48,"") -> 5 | AW48: =IF(AND($I48="yes",$C48<=1949,M48<>""),M48,"") -> 5 | AX48: =IF(AND($I48="yes",$C48<=1949,N48<>""),N48,"") -> 5 | AY48: =IF(AND($I48="yes",$C48<=1949,O48<>""),O48,"") -> 1 | AZ48: =IF(AND($I48="yes",$C48<=1949,P48<>""),P48,"") -> 1 | BA48: =IF(AND($I48="yes",$C48<=1949,Q48<>""),Q48,"") -> 2 | BB48: =IF(AND($I48="yes",$C48<=1949,R48<>""),R48,"") -> 5 | BC48: =IF(AND($I48="yes",$C48>=2000,K48<>""),K48,"") | BD48: =IF(AND($I48="yes",$C48>=2000,L48<>""),L48,"") | BE48: =IF(AND($I48="yes",$C48>=2000,M48<>""),M48,"") | BF48: =IF(AND($I48="yes",$C48>=2000,N48<>""),N48,"") | BG48: =IF(AND($I48="yes",$C48>=2000,O48<>""),O48,"") | BH48: =IF(AND($I48="yes",$C48>=2000,P48<>""),P48,"") | BI48: =IF(AND($I48="yes",$C48>=2000,Q48<>""),Q48,"") | BJ48: =IF(AND($I48="yes",$C48>=2000,R48<>""),R48,"")
A49: 45 | B49: A MATTE WHITE & SILVER HIMALAYA NILOTICUS CROCODILE MINI CAPUCINES WITH SILVER HARDWARE | C49: 2023 | D49: =IF(C49="","",FLOOR(C49,10)) -> 2020 | E49: Christie's | F49: https://onlineonly.christies.com/s/handbags-online-paris-edit/matte-white-silver-himalaya-niloticus-crocodile-mini-capucines-silver-164/278818 | G49: LV0045.png | H49: yes | I49: yes | K49: 3 | L49: 3 | M49: 2 | N49: 5 | O49: 1 | P49: 1 | Q49: 2 | R49: 4 | S49: =IF(K49="","",(K49-1)/4) -> 0.5 | T49: =IF(L49="","",(L49-1)/4) -> 0.5 | U49: =IF(M49="","",(M49-1)/4) -> 0.25 | V49: =IF(N49="","",(N49-1)/4) -> 1 | W49: =IF(O49="","",(O49-1)/4) -> 0 | X49: =IF(P49="","",(P49-1)/4) -> 0 | Y49: =IF(Q49="","",(Q49-1)/4) -> 0.25 | Z49: =IF(R49="","",(R49-1)/4) -> 0.75 | AA49: =IF(AND(S49<>"",C49<=1949,I49="yes"),S49,"") | AB49: =IF(AND(T49<>"",C49<=1949,I49="yes"),T49,"") | AC49: =IF(AND(U49<>"",C49<=1949,I49="yes"),U49,"") | AD49: =IF(AND(V49<>"",C49<=1949,I49="yes"),V49,"") | AE49: =IF(AND(W49<>"",C49<=1949,I49="yes"),W49,"") | AF49: =IF(AND(X49<>"",C49<=1949,I49="yes"),X49,"") | AG49: =IF(AND(Y49<>"",C49<=1949,I49="yes"),Y49,"") | AH49: =IF(AND(Z49<>"",C49<=1949,I49="yes"),Z49,"") | AI49: =IF(OR(S49="",'4_BENCHMARK'!$C$4=""),"",ABS(S49-'4_BENCHMARK'!$C$4)) -> 0.5 | AJ49: =IF(OR(T49="",'4_BENCHMARK'!$C$5=""),"",ABS(T49-'4_BENCHMARK'!$C$5)) -> 0.5 | AK49: =IF(OR(U49="",'4_BENCHMARK'!$C$6=""),"",ABS(U49-'4_BENCHMARK'!$C$6)) -> 0.75 | AL49: =IF(OR(V49="",'4_BENCHMARK'!$C$7=""),"",ABS(V49-'4_BENCHMARK'!$C$7)) -> 0 | AM49: =IF(OR(W49="",'4_BENCHMARK'!$C$8=""),"",ABS(W49-'4_BENCHMARK'!$C$8)) -> 0 | AN49: =IF(OR(X49="",'4_BENCHMARK'!$C$9=""),"",ABS(X49-'4_BENCHMARK'!$C$9)) -> 0 | AO49: =IF(OR(Y49="",'4_BENCHMARK'!$C$10=""),"",ABS(Y49-'4_BENCHMARK'!$C$10)) -> 0.25 | AP49: =IF(OR(Z49="",'4_BENCHMARK'!$C$11=""),"",ABS(Z49-'4_BENCHMARK'!$C$11)) -> 0.25 | AQ49: =IF(COUNT(AI49:AP49)<8,"",1-AVERAGE(AI49:AP49)) -> 0.71875 | AS49: bag | AT49: =IF(COUNT(AI49:AL49,AO49:AP49)<6,"",1-AVERAGE(AI49:AL49,AO49:AP49)) -> 0.625 | AU49: =IF(AND($I49="yes",$C49<=1949,K49<>""),K49,"") | AV49: =IF(AND($I49="yes",$C49<=1949,L49<>""),L49,"") | AW49: =IF(AND($I49="yes",$C49<=1949,M49<>""),M49,"") | AX49: =IF(AND($I49="yes",$C49<=1949,N49<>""),N49,"") | AY49: =IF(AND($I49="yes",$C49<=1949,O49<>""),O49,"") | AZ49: =IF(AND($I49="yes",$C49<=1949,P49<>""),P49,"") | BA49: =IF(AND($I49="yes",$C49<=1949,Q49<>""),Q49,"") | BB49: =IF(AND($I49="yes",$C49<=1949,R49<>""),R49,"") | BC49: =IF(AND($I49="yes",$C49>=2000,K49<>""),K49,"") -> 3 | BD49: =IF(AND($I49="yes",$C49>=2000,L49<>""),L49,"") -> 3 | BE49: =IF(AND($I49="yes",$C49>=2000,M49<>""),M49,"") -> 2 | BF49: =IF(AND($I49="yes",$C49>=2000,N49<>""),N49,"") -> 5 | BG49: =IF(AND($I49="yes",$C49>=2000,O49<>""),O49,"") -> 1 | BH49: =IF(AND($I49="yes",$C49>=2000,P49<>""),P49,"") -> 1 | BI49: =IF(AND($I49="yes",$C49>=2000,Q49<>""),Q49,"") -> 2 | BJ49: =IF(AND($I49="yes",$C49>=2000,R49<>""),R49,"") -> 4
A50: 46 | B50: A SPECIAL ORDER SHINY BROWN ALLIGATOR CAVIAR SET BOX WITH GOLD HARDWARE | C50: 2009 | D50: =IF(C50="","",FLOOR(C50,10)) -> 2000 | E50: Christie's | F50: https://onlineonly.christies.com/s/legendary-trunks-european-private-collection/special-order-shiny-brown-alligator-caviar-set-box-gold-hardware-71/227394 | G50: LV0046.png | H50: no | I50: yes | K50: 4 | L50: 5 | M50: 5 | N50: 5 | O50: 1 | P50: 1 | Q50: 2 | R50: 5 | S50: =IF(K50="","",(K50-1)/4) -> 0.75 | T50: =IF(L50="","",(L50-1)/4) -> 1 | U50: =IF(M50="","",(M50-1)/4) -> 1 | V50: =IF(N50="","",(N50-1)/4) -> 1 | W50: =IF(O50="","",(O50-1)/4) -> 0 | X50: =IF(P50="","",(P50-1)/4) -> 0 | Y50: =IF(Q50="","",(Q50-1)/4) -> 0.25 | Z50: =IF(R50="","",(R50-1)/4) -> 1 | AA50: =IF(AND(S50<>"",C50<=1949,I50="yes"),S50,"") | AB50: =IF(AND(T50<>"",C50<=1949,I50="yes"),T50,"") | AC50: =IF(AND(U50<>"",C50<=1949,I50="yes"),U50,"") | AD50: =IF(AND(V50<>"",C50<=1949,I50="yes"),V50,"") | AE50: =IF(AND(W50<>"",C50<=1949,I50="yes"),W50,"") | AF50: =IF(AND(X50<>"",C50<=1949,I50="yes"),X50,"") | AG50: =IF(AND(Y50<>"",C50<=1949,I50="yes"),Y50,"") | AH50: =IF(AND(Z50<>"",C50<=1949,I50="yes"),Z50,"") | AI50: =IF(OR(S50="",'4_BENCHMARK'!$C$4=""),"",ABS(S50-'4_BENCHMARK'!$C$4)) -> 0.25 | AJ50: =IF(OR(T50="",'4_BENCHMARK'!$C$5=""),"",ABS(T50-'4_BENCHMARK'!$C$5)) -> 0 | AK50: =IF(OR(U50="",'4_BENCHMARK'!$C$6=""),"",ABS(U50-'4_BENCHMARK'!$C$6)) -> 0 | AL50: =IF(OR(V50="",'4_BENCHMARK'!$C$7=""),"",ABS(V50-'4_BENCHMARK'!$C$7)) -> 0 | AM50: =IF(OR(W50="",'4_BENCHMARK'!$C$8=""),"",ABS(W50-'4_BENCHMARK'!$C$8)) -> 0 | AN50: =IF(OR(X50="",'4_BENCHMARK'!$C$9=""),"",ABS(X50-'4_BENCHMARK'!$C$9)) -> 0 | AO50: =IF(OR(Y50="",'4_BENCHMARK'!$C$10=""),"",ABS(Y50-'4_BENCHMARK'!$C$10)) -> 0.25 | AP50: =IF(OR(Z50="",'4_BENCHMARK'!$C$11=""),"",ABS(Z50-'4_BENCHMARK'!$C$11)) -> 0 | AQ50: =IF(COUNT(AI50:AP50)<8,"",1-AVERAGE(AI50:AP50)) -> 0.9375 | AS50: case | AT50: =IF(COUNT(AI50:AL50,AO50:AP50)<6,"",1-AVERAGE(AI50:AL50,AO50:AP50)) -> 0.91666667 | AU50: =IF(AND($I50="yes",$C50<=1949,K50<>""),K50,"") | AV50: =IF(AND($I50="yes",$C50<=1949,L50<>""),L50,"") | AW50: =IF(AND($I50="yes",$C50<=1949,M50<>""),M50,"") | AX50: =IF(AND($I50="yes",$C50<=1949,N50<>""),N50,"") | AY50: =IF(AND($I50="yes",$C50<=1949,O50<>""),O50,"") | AZ50: =IF(AND($I50="yes",$C50<=1949,P50<>""),P50,"") | BA50: =IF(AND($I50="yes",$C50<=1949,Q50<>""),Q50,"") | BB50: =IF(AND($I50="yes",$C50<=1949,R50<>""),R50,"") | BC50: =IF(AND($I50="yes",$C50>=2000,K50<>""),K50,"") -> 4 | BD50: =IF(AND($I50="yes",$C50>=2000,L50<>""),L50,"") -> 5 | BE50: =IF(AND($I50="yes",$C50>=2000,M50<>""),M50,"") -> 5 | BF50: =IF(AND($I50="yes",$C50>=2000,N50<>""),N50,"") -> 5 | BG50: =IF(AND($I50="yes",$C50>=2000,O50<>""),O50,"") -> 1 | BH50: =IF(AND($I50="yes",$C50>=2000,P50<>""),P50,"") -> 1 | BI50: =IF(AND($I50="yes",$C50>=2000,Q50<>""),Q50,"") -> 2 | BJ50: =IF(AND($I50="yes",$C50>=2000,R50<>""),R50,"") -> 5
A51: 47 | B51: A RARE, MONOGRAM PAPER & WOOD MINI FLOWER TRUNK WITH BRASS HARDWARE | C51: 1910 | D51: =IF(C51="","",FLOOR(C51,10)) -> 1910 | E51: Christie's | F51: https://onlineonly.christies.com/s/legendary-trunks-european-private-collection-part-ii/rare-monogram-paper-wood-mini-flower-trunk-brass-hardware-37/262987 | G51: LV0047.png | H51: yes | I51: yes | J51: circa 1910 | K51: 5 | L51: 5 | M51: 5 | N51: 5 | O51: 5 | P51: 5 | Q51: 2 | R51: 4 | S51: =IF(K51="","",(K51-1)/4) -> 1 | T51: =IF(L51="","",(L51-1)/4) -> 1 | U51: =IF(M51="","",(M51-1)/4) -> 1 | V51: =IF(N51="","",(N51-1)/4) -> 1 | W51: =IF(O51="","",(O51-1)/4) -> 1 | X51: =IF(P51="","",(P51-1)/4) -> 1 | Y51: =IF(Q51="","",(Q51-1)/4) -> 0.25 | Z51: =IF(R51="","",(R51-1)/4) -> 0.75 | AA51: =IF(AND(S51<>"",C51<=1949,I51="yes"),S51,"") -> 1 | AB51: =IF(AND(T51<>"",C51<=1949,I51="yes"),T51,"") -> 1 | AC51: =IF(AND(U51<>"",C51<=1949,I51="yes"),U51,"") -> 1 | AD51: =IF(AND(V51<>"",C51<=1949,I51="yes"),V51,"") -> 1 | AE51: =IF(AND(W51<>"",C51<=1949,I51="yes"),W51,"") -> 1 | AF51: =IF(AND(X51<>"",C51<=1949,I51="yes"),X51,"") -> 1 | AG51: =IF(AND(Y51<>"",C51<=1949,I51="yes"),Y51,"") -> 0.25 | AH51: =IF(AND(Z51<>"",C51<=1949,I51="yes"),Z51,"") -> 0.75 | AI51: =IF(OR(S51="",'4_BENCHMARK'!$C$4=""),"",ABS(S51-'4_BENCHMARK'!$C$4)) -> 0 | AJ51: =IF(OR(T51="",'4_BENCHMARK'!$C$5=""),"",ABS(T51-'4_BENCHMARK'!$C$5)) -> 0 | AK51: =IF(OR(U51="",'4_BENCHMARK'!$C$6=""),"",ABS(U51-'4_BENCHMARK'!$C$6)) -> 0 | AL51: =IF(OR(V51="",'4_BENCHMARK'!$C$7=""),"",ABS(V51-'4_BENCHMARK'!$C$7)) -> 0 | AM51: =IF(OR(W51="",'4_BENCHMARK'!$C$8=""),"",ABS(W51-'4_BENCHMARK'!$C$8)) -> 1 | AN51: =IF(OR(X51="",'4_BENCHMARK'!$C$9=""),"",ABS(X51-'4_BENCHMARK'!$C$9)) -> 1 | AO51: =IF(OR(Y51="",'4_BENCHMARK'!$C$10=""),"",ABS(Y51-'4_BENCHMARK'!$C$10)) -> 0.25 | AP51: =IF(OR(Z51="",'4_BENCHMARK'!$C$11=""),"",ABS(Z51-'4_BENCHMARK'!$C$11)) -> 0.25 | AQ51: =IF(COUNT(AI51:AP51)<8,"",1-AVERAGE(AI51:AP51)) -> 0.6875 | AR51: yes | AS51: case | AT51: =IF(COUNT(AI51:AL51,AO51:AP51)<6,"",1-AVERAGE(AI51:AL51,AO51:AP51)) -> 0.91666667 | AU51: =IF(AND($I51="yes",$C51<=1949,K51<>""),K51,"") -> 5 | AV51: =IF(AND($I51="yes",$C51<=1949,L51<>""),L51,"") -> 5 | AW51: =IF(AND($I51="yes",$C51<=1949,M51<>""),M51,"") -> 5 | AX51: =IF(AND($I51="yes",$C51<=1949,N51<>""),N51,"") -> 5 | AY51: =IF(AND($I51="yes",$C51<=1949,O51<>""),O51,"") -> 5 | AZ51: =IF(AND($I51="yes",$C51<=1949,P51<>""),P51,"") -> 5 | BA51: =IF(AND($I51="yes",$C51<=1949,Q51<>""),Q51,"") -> 2 | BB51: =IF(AND($I51="yes",$C51<=1949,R51<>""),R51,"") -> 4 | BC51: =IF(AND($I51="yes",$C51>=2000,K51<>""),K51,"") | BD51: =IF(AND($I51="yes",$C51>=2000,L51<>""),L51,"") | BE51: =IF(AND($I51="yes",$C51>=2000,M51<>""),M51,"") | BF51: =IF(AND($I51="yes",$C51>=2000,N51<>""),N51,"") | BG51: =IF(AND($I51="yes",$C51>=2000,O51<>""),O51,"") | BH51: =IF(AND($I51="yes",$C51>=2000,P51<>""),P51,"") | BI51: =IF(AND($I51="yes",$C51>=2000,Q51<>""),Q51,"") | BJ51: =IF(AND($I51="yes",$C51>=2000,R51<>""),R51,"")
A52: 48 | B52: A COURRIER DAMIER TRUNK | C52: 2012 | D52: =IF(C52="","",FLOOR(C52,10)) -> 2010 | E52: Christie's | F52: https://www.christies.com/en/lot/lot-6399674 | G52: LV0048.png | H52: yes | I52: yes | K52: 5 | L52: 5 | M52: 5 | N52: 5 | O52: 1 | P52: 1 | Q52: 3 | R52: 5 | S52: =IF(K52="","",(K52-1)/4) -> 1 | T52: =IF(L52="","",(L52-1)/4) -> 1 | U52: =IF(M52="","",(M52-1)/4) -> 1 | V52: =IF(N52="","",(N52-1)/4) -> 1 | W52: =IF(O52="","",(O52-1)/4) -> 0 | X52: =IF(P52="","",(P52-1)/4) -> 0 | Y52: =IF(Q52="","",(Q52-1)/4) -> 0.5 | Z52: =IF(R52="","",(R52-1)/4) -> 1 | AA52: =IF(AND(S52<>"",C52<=1949,I52="yes"),S52,"") | AB52: =IF(AND(T52<>"",C52<=1949,I52="yes"),T52,"") | AC52: =IF(AND(U52<>"",C52<=1949,I52="yes"),U52,"") | AD52: =IF(AND(V52<>"",C52<=1949,I52="yes"),V52,"") | AE52: =IF(AND(W52<>"",C52<=1949,I52="yes"),W52,"") | AF52: =IF(AND(X52<>"",C52<=1949,I52="yes"),X52,"") | AG52: =IF(AND(Y52<>"",C52<=1949,I52="yes"),Y52,"") | AH52: =IF(AND(Z52<>"",C52<=1949,I52="yes"),Z52,"") | AI52: =IF(OR(S52="",'4_BENCHMARK'!$C$4=""),"",ABS(S52-'4_BENCHMARK'!$C$4)) -> 0 | AJ52: =IF(OR(T52="",'4_BENCHMARK'!$C$5=""),"",ABS(T52-'4_BENCHMARK'!$C$5)) -> 0 | AK52: =IF(OR(U52="",'4_BENCHMARK'!$C$6=""),"",ABS(U52-'4_BENCHMARK'!$C$6)) -> 0 | AL52: =IF(OR(V52="",'4_BENCHMARK'!$C$7=""),"",ABS(V52-'4_BENCHMARK'!$C$7)) -> 0 | AM52: =IF(OR(W52="",'4_BENCHMARK'!$C$8=""),"",ABS(W52-'4_BENCHMARK'!$C$8)) -> 0 | AN52: =IF(OR(X52="",'4_BENCHMARK'!$C$9=""),"",ABS(X52-'4_BENCHMARK'!$C$9)) -> 0 | AO52: =IF(OR(Y52="",'4_BENCHMARK'!$C$10=""),"",ABS(Y52-'4_BENCHMARK'!$C$10)) -> 0 | AP52: =IF(OR(Z52="",'4_BENCHMARK'!$C$11=""),"",ABS(Z52-'4_BENCHMARK'!$C$11)) -> 0 | AQ52: =IF(COUNT(AI52:AP52)<8,"",1-AVERAGE(AI52:AP52)) -> 1 | AS52: trunk | AT52: =IF(COUNT(AI52:AL52,AO52:AP52)<6,"",1-AVERAGE(AI52:AL52,AO52:AP52)) -> 1 | AU52: =IF(AND($I52="yes",$C52<=1949,K52<>""),K52,"") | AV52: =IF(AND($I52="yes",$C52<=1949,L52<>""),L52,"") | AW52: =IF(AND($I52="yes",$C52<=1949,M52<>""),M52,"") | AX52: =IF(AND($I52="yes",$C52<=1949,N52<>""),N52,"") | AY52: =IF(AND($I52="yes",$C52<=1949,O52<>""),O52,"") | AZ52: =IF(AND($I52="yes",$C52<=1949,P52<>""),P52,"") | BA52: =IF(AND($I52="yes",$C52<=1949,Q52<>""),Q52,"") | BB52: =IF(AND($I52="yes",$C52<=1949,R52<>""),R52,"") | BC52: =IF(AND($I52="yes",$C52>=2000,K52<>""),K52,"") -> 5 | BD52: =IF(AND($I52="yes",$C52>=2000,L52<>""),L52,"") -> 5 | BE52: =IF(AND($I52="yes",$C52>=2000,M52<>""),M52,"") -> 5 | BF52: =IF(AND($I52="yes",$C52>=2000,N52<>""),N52,"") -> 5 | BG52: =IF(AND($I52="yes",$C52>=2000,O52<>""),O52,"") -> 1 | BH52: =IF(AND($I52="yes",$C52>=2000,P52<>""),P52,"") -> 1 | BI52: =IF(AND($I52="yes",$C52>=2000,Q52<>""),Q52,"") -> 3 | BJ52: =IF(AND($I52="yes",$C52>=2000,R52<>""),R52,"") -> 5
A53: 49 | B53: A RARE, MONOGRAM CANVAS LIBRARY TRUNK WITH SET OF 1911 BRITANNICA ENCYCLOPAEDIA WITH BRASS HARDWARE | C53: 1911 | D53: =IF(C53="","",FLOOR(C53,10)) -> 1910 | E53: Christie's | F53: https://onlineonly.christies.com/s/legendary-trunks-european-private-collection/rare-monogram-canvas-library-trunk-set-1911-britannica-encyclopaedia-41/227572 | G53: LV0049.png | H53: no | I53: yes | J53: crica 1911 | K53: 5 | L53: 5 | M53: 5 | N53: 5 | O53: 5 | P53: 5 | Q53: 2 | R53: 5 | S53: =IF(K53="","",(K53-1)/4) -> 1 | T53: =IF(L53="","",(L53-1)/4) -> 1 | U53: =IF(M53="","",(M53-1)/4) -> 1 | V53: =IF(N53="","",(N53-1)/4) -> 1 | W53: =IF(O53="","",(O53-1)/4) -> 1 | X53: =IF(P53="","",(P53-1)/4) -> 1 | Y53: =IF(Q53="","",(Q53-1)/4) -> 0.25 | Z53: =IF(R53="","",(R53-1)/4) -> 1 | AA53: =IF(AND(S53<>"",C53<=1949,I53="yes"),S53,"") -> 1 | AB53: =IF(AND(T53<>"",C53<=1949,I53="yes"),T53,"") -> 1 | AC53: =IF(AND(U53<>"",C53<=1949,I53="yes"),U53,"") -> 1 | AD53: =IF(AND(V53<>"",C53<=1949,I53="yes"),V53,"") -> 1 | AE53: =IF(AND(W53<>"",C53<=1949,I53="yes"),W53,"") -> 1 | AF53: =IF(AND(X53<>"",C53<=1949,I53="yes"),X53,"") -> 1 | AG53: =IF(AND(Y53<>"",C53<=1949,I53="yes"),Y53,"") -> 0.25 | AH53: =IF(AND(Z53<>"",C53<=1949,I53="yes"),Z53,"") -> 1 | AI53: =IF(OR(S53="",'4_BENCHMARK'!$C$4=""),"",ABS(S53-'4_BENCHMARK'!$C$4)) -> 0 | AJ53: =IF(OR(T53="",'4_BENCHMARK'!$C$5=""),"",ABS(T53-'4_BENCHMARK'!$C$5)) -> 0 | AK53: =IF(OR(U53="",'4_BENCHMARK'!$C$6=""),"",ABS(U53-'4_BENCHMARK'!$C$6)) -> 0 | AL53: =IF(OR(V53="",'4_BENCHMARK'!$C$7=""),"",ABS(V53-'4_BENCHMARK'!$C$7)) -> 0 | AM53: =IF(OR(W53="",'4_BENCHMARK'!$C$8=""),"",ABS(W53-'4_BENCHMARK'!$C$8)) -> 1 | AN53: =IF(OR(X53="",'4_BENCHMARK'!$C$9=""),"",ABS(X53-'4_BENCHMARK'!$C$9)) -> 1 | AO53: =IF(OR(Y53="",'4_BENCHMARK'!$C$10=""),"",ABS(Y53-'4_BENCHMARK'!$C$10)) -> 0.25 | AP53: =IF(OR(Z53="",'4_BENCHMARK'!$C$11=""),"",ABS(Z53-'4_BENCHMARK'!$C$11)) -> 0 | AQ53: =IF(COUNT(AI53:AP53)<8,"",1-AVERAGE(AI53:AP53)) -> 0.71875 | AS53: trunk | AT53: =IF(COUNT(AI53:AL53,AO53:AP53)<6,"",1-AVERAGE(AI53:AL53,AO53:AP53)) -> 0.95833333 | AU53: =IF(AND($I53="yes",$C53<=1949,K53<>""),K53,"") -> 5 | AV53: =IF(AND($I53="yes",$C53<=1949,L53<>""),L53,"") -> 5 | AW53: =IF(AND($I53="yes",$C53<=1949,M53<>""),M53,"") -> 5 | AX53: =IF(AND($I53="yes",$C53<=1949,N53<>""),N53,"") -> 5 | AY53: =IF(AND($I53="yes",$C53<=1949,O53<>""),O53,"") -> 5 | AZ53: =IF(AND($I53="yes",$C53<=1949,P53<>""),P53,"") -> 5 | BA53: =IF(AND($I53="yes",$C53<=1949,Q53<>""),Q53,"") -> 2 | BB53: =IF(AND($I53="yes",$C53<=1949,R53<>""),R53,"") -> 5 | BC53: =IF(AND($I53="yes",$C53>=2000,K53<>""),K53,"") | BD53: =IF(AND($I53="yes",$C53>=2000,L53<>""),L53,"") | BE53: =IF(AND($I53="yes",$C53>=2000,M53<>""),M53,"") | BF53: =IF(AND($I53="yes",$C53>=2000,N53<>""),N53,"") | BG53: =IF(AND($I53="yes",$C53>=2000,O53<>""),O53,"") | BH53: =IF(AND($I53="yes",$C53>=2000,P53<>""),P53,"") | BI53: =IF(AND($I53="yes",$C53>=2000,Q53<>""),Q53,"") | BJ53: =IF(AND($I53="yes",$C53>=2000,R53<>""),R53,"")
A54: 50 | B54: A MONOGRAM CANVAS WARDROBE TRUNK WITH BRASS HARDWARE | C54: 1925 | D54: =IF(C54="","",FLOOR(C54,10)) -> 1920 | E54: Christie's | F54: https://onlineonly.christies.com/s/legendary-trunks-european-private-collection/monogram-canvas-wardrobe-trunk-brass-hardware-80/227404 | G54: LV0050.png | H54: no | I54: yes | K54: 5 | L54: 5 | M54: 5 | N54: 5 | O54: 5 | P54: 5 | Q54: 2 | R54: 5 | S54: =IF(K54="","",(K54-1)/4) -> 1 | T54: =IF(L54="","",(L54-1)/4) -> 1 | U54: =IF(M54="","",(M54-1)/4) -> 1 | V54: =IF(N54="","",(N54-1)/4) -> 1 | W54: =IF(O54="","",(O54-1)/4) -> 1 | X54: =IF(P54="","",(P54-1)/4) -> 1 | Y54: =IF(Q54="","",(Q54-1)/4) -> 0.25 | Z54: =IF(R54="","",(R54-1)/4) -> 1 | AA54: =IF(AND(S54<>"",C54<=1949,I54="yes"),S54,"") -> 1 | AB54: =IF(AND(T54<>"",C54<=1949,I54="yes"),T54,"") -> 1 | AC54: =IF(AND(U54<>"",C54<=1949,I54="yes"),U54,"") -> 1 | AD54: =IF(AND(V54<>"",C54<=1949,I54="yes"),V54,"") -> 1 | AE54: =IF(AND(W54<>"",C54<=1949,I54="yes"),W54,"") -> 1 | AF54: =IF(AND(X54<>"",C54<=1949,I54="yes"),X54,"") -> 1 | AG54: =IF(AND(Y54<>"",C54<=1949,I54="yes"),Y54,"") -> 0.25 | AH54: =IF(AND(Z54<>"",C54<=1949,I54="yes"),Z54,"") -> 1 | AI54: =IF(OR(S54="",'4_BENCHMARK'!$C$4=""),"",ABS(S54-'4_BENCHMARK'!$C$4)) -> 0 | AJ54: =IF(OR(T54="",'4_BENCHMARK'!$C$5=""),"",ABS(T54-'4_BENCHMARK'!$C$5)) -> 0 | AK54: =IF(OR(U54="",'4_BENCHMARK'!$C$6=""),"",ABS(U54-'4_BENCHMARK'!$C$6)) -> 0 | AL54: =IF(OR(V54="",'4_BENCHMARK'!$C$7=""),"",ABS(V54-'4_BENCHMARK'!$C$7)) -> 0 | AM54: =IF(OR(W54="",'4_BENCHMARK'!$C$8=""),"",ABS(W54-'4_BENCHMARK'!$C$8)) -> 1 | AN54: =IF(OR(X54="",'4_BENCHMARK'!$C$9=""),"",ABS(X54-'4_BENCHMARK'!$C$9)) -> 1 | AO54: =IF(OR(Y54="",'4_BENCHMARK'!$C$10=""),"",ABS(Y54-'4_BENCHMARK'!$C$10)) -> 0.25 | AP54: =IF(OR(Z54="",'4_BENCHMARK'!$C$11=""),"",ABS(Z54-'4_BENCHMARK'!$C$11)) -> 0 | AQ54: =IF(COUNT(AI54:AP54)<8,"",1-AVERAGE(AI54:AP54)) -> 0.71875 | AS54: trunk | AT54: =IF(COUNT(AI54:AL54,AO54:AP54)<6,"",1-AVERAGE(AI54:AL54,AO54:AP54)) -> 0.95833333 | AU54: =IF(AND($I54="yes",$C54<=1949,K54<>""),K54,"") -> 5 | AV54: =IF(AND($I54="yes",$C54<=1949,L54<>""),L54,"") -> 5 | AW54: =IF(AND($I54="yes",$C54<=1949,M54<>""),M54,"") -> 5 | AX54: =IF(AND($I54="yes",$C54<=1949,N54<>""),N54,"") -> 5 | AY54: =IF(AND($I54="yes",$C54<=1949,O54<>""),O54,"") -> 5 | AZ54: =IF(AND($I54="yes",$C54<=1949,P54<>""),P54,"") -> 5 | BA54: =IF(AND($I54="yes",$C54<=1949,Q54<>""),Q54,"") -> 2 | BB54: =IF(AND($I54="yes",$C54<=1949,R54<>""),R54,"") -> 5 | BC54: =IF(AND($I54="yes",$C54>=2000,K54<>""),K54,"") | BD54: =IF(AND($I54="yes",$C54>=2000,L54<>""),L54,"") | BE54: =IF(AND($I54="yes",$C54>=2000,M54<>""),M54,"") | BF54: =IF(AND($I54="yes",$C54>=2000,N54<>""),N54,"") | BG54: =IF(AND($I54="yes",$C54>=2000,O54<>""),O54,"") | BH54: =IF(AND($I54="yes",$C54>=2000,P54<>""),P54,"") | BI54: =IF(AND($I54="yes",$C54>=2000,Q54<>""),Q54,"") | BJ54: =IF(AND($I54="yes",$C54>=2000,R54<>""),R54,"")
A55: 51 | B55: A PERSONALIZED BROWN MONOGRAM CANVAS PÉGASE 50 | C55: 2000 | D55: =IF(C55="","",FLOOR(C55,10)) -> 2000 | E55: Christie's | F55: https://onlineonly.christies.com/s/handbags-online-new-york-edit/personalized-brown-monogram-canvas-pegase-50-62/205205 | G55: LV0051.png | H55: yes | I55: yes | J55: crica 2000 | K55: 3 | L55: 4 | M55: 4 | N55: 4 | O55: 5 | P55: 4 | Q55: 1 | R55: 2 | S55: =IF(K55="","",(K55-1)/4) -> 0.5 | T55: =IF(L55="","",(L55-1)/4) -> 0.75 | U55: =IF(M55="","",(M55-1)/4) -> 0.75 | V55: =IF(N55="","",(N55-1)/4) -> 0.75 | W55: =IF(O55="","",(O55-1)/4) -> 1 | X55: =IF(P55="","",(P55-1)/4) -> 0.75 | Y55: =IF(Q55="","",(Q55-1)/4) -> 0 | Z55: =IF(R55="","",(R55-1)/4) -> 0.25 | AA55: =IF(AND(S55<>"",C55<=1949,I55="yes"),S55,"") | AB55: =IF(AND(T55<>"",C55<=1949,I55="yes"),T55,"") | AC55: =IF(AND(U55<>"",C55<=1949,I55="yes"),U55,"") | AD55: =IF(AND(V55<>"",C55<=1949,I55="yes"),V55,"") | AE55: =IF(AND(W55<>"",C55<=1949,I55="yes"),W55,"") | AF55: =IF(AND(X55<>"",C55<=1949,I55="yes"),X55,"") | AG55: =IF(AND(Y55<>"",C55<=1949,I55="yes"),Y55,"") | AH55: =IF(AND(Z55<>"",C55<=1949,I55="yes"),Z55,"") | AI55: =IF(OR(S55="",'4_BENCHMARK'!$C$4=""),"",ABS(S55-'4_BENCHMARK'!$C$4)) -> 0.5 | AJ55: =IF(OR(T55="",'4_BENCHMARK'!$C$5=""),"",ABS(T55-'4_BENCHMARK'!$C$5)) -> 0.25 | AK55: =IF(OR(U55="",'4_BENCHMARK'!$C$6=""),"",ABS(U55-'4_BENCHMARK'!$C$6)) -> 0.25 | AL55: =IF(OR(V55="",'4_BENCHMARK'!$C$7=""),"",ABS(V55-'4_BENCHMARK'!$C$7)) -> 0.25 | AM55: =IF(OR(W55="",'4_BENCHMARK'!$C$8=""),"",ABS(W55-'4_BENCHMARK'!$C$8)) -> 1 | AN55: =IF(OR(X55="",'4_BENCHMARK'!$C$9=""),"",ABS(X55-'4_BENCHMARK'!$C$9)) -> 0.75 | AO55: =IF(OR(Y55="",'4_BENCHMARK'!$C$10=""),"",ABS(Y55-'4_BENCHMARK'!$C$10)) -> 0.5 | AP55: =IF(OR(Z55="",'4_BENCHMARK'!$C$11=""),"",ABS(Z55-'4_BENCHMARK'!$C$11)) -> 0.75 | AQ55: =IF(COUNT(AI55:AP55)<8,"",1-AVERAGE(AI55:AP55)) -> 0.46875 | AS55: other | AT55: =IF(COUNT(AI55:AL55,AO55:AP55)<6,"",1-AVERAGE(AI55:AL55,AO55:AP55)) -> 0.58333333 | AU55: =IF(AND($I55="yes",$C55<=1949,K55<>""),K55,"") | AV55: =IF(AND($I55="yes",$C55<=1949,L55<>""),L55,"") | AW55: =IF(AND($I55="yes",$C55<=1949,M55<>""),M55,"") | AX55: =IF(AND($I55="yes",$C55<=1949,N55<>""),N55,"") | AY55: =IF(AND($I55="yes",$C55<=1949,O55<>""),O55,"") | AZ55: =IF(AND($I55="yes",$C55<=1949,P55<>""),P55,"") | BA55: =IF(AND($I55="yes",$C55<=1949,Q55<>""),Q55,"") | BB55: =IF(AND($I55="yes",$C55<=1949,R55<>""),R55,"") | BC55: =IF(AND($I55="yes",$C55>=2000,K55<>""),K55,"") -> 3 | BD55: =IF(AND($I55="yes",$C55>=2000,L55<>""),L55,"") -> 4 | BE55: =IF(AND($I55="yes",$C55>=2000,M55<>""),M55,"") -> 4 | BF55: =IF(AND($I55="yes",$C55>=2000,N55<>""),N55,"") -> 4 | BG55: =IF(AND($I55="yes",$C55>=2000,O55<>""),O55,"") -> 5 | BH55: =IF(AND($I55="yes",$C55>=2000,P55<>""),P55,"") -> 4 | BI55: =IF(AND($I55="yes",$C55>=2000,Q55<>""),Q55,"") -> 1 | BJ55: =IF(AND($I55="yes",$C55>=2000,R55<>""),R55,"") -> 2
A56: 52 | B56: A LIMITED EDITION PAINTED PUMPKIN MONOGRAM WATCH BOX WITH BRASS HARDWARE BY YAYOI KUSAMA | C56: 2023 | D56: =IF(C56="","",FLOOR(C56,10)) -> 2020 | E56: Christie's | F56: https://www.christies.com/en/lot/lot-6532730 | G56: LV0052.png | H56: yes | I56: yes | K56: 5 | L56: 5 | M56: 5 | N56: 3 | O56: 5 | P56: 5 | Q56: 2 | R56: 5 | S56: =IF(K56="","",(K56-1)/4) -> 1 | T56: =IF(L56="","",(L56-1)/4) -> 1 | U56: =IF(M56="","",(M56-1)/4) -> 1 | V56: =IF(N56="","",(N56-1)/4) -> 0.5 | W56: =IF(O56="","",(O56-1)/4) -> 1 | X56: =IF(P56="","",(P56-1)/4) -> 1 | Y56: =IF(Q56="","",(Q56-1)/4) -> 0.25 | Z56: =IF(R56="","",(R56-1)/4) -> 1 | AA56: =IF(AND(S56<>"",C56<=1949,I56="yes"),S56,"") | AB56: =IF(AND(T56<>"",C56<=1949,I56="yes"),T56,"") | AC56: =IF(AND(U56<>"",C56<=1949,I56="yes"),U56,"") | AD56: =IF(AND(V56<>"",C56<=1949,I56="yes"),V56,"") | AE56: =IF(AND(W56<>"",C56<=1949,I56="yes"),W56,"") | AF56: =IF(AND(X56<>"",C56<=1949,I56="yes"),X56,"") | AG56: =IF(AND(Y56<>"",C56<=1949,I56="yes"),Y56,"") | AH56: =IF(AND(Z56<>"",C56<=1949,I56="yes"),Z56,"") | AI56: =IF(OR(S56="",'4_BENCHMARK'!$C$4=""),"",ABS(S56-'4_BENCHMARK'!$C$4)) -> 0 | AJ56: =IF(OR(T56="",'4_BENCHMARK'!$C$5=""),"",ABS(T56-'4_BENCHMARK'!$C$5)) -> 0 | AK56: =IF(OR(U56="",'4_BENCHMARK'!$C$6=""),"",ABS(U56-'4_BENCHMARK'!$C$6)) -> 0 | AL56: =IF(OR(V56="",'4_BENCHMARK'!$C$7=""),"",ABS(V56-'4_BENCHMARK'!$C$7)) -> 0.5 | AM56: =IF(OR(W56="",'4_BENCHMARK'!$C$8=""),"",ABS(W56-'4_BENCHMARK'!$C$8)) -> 1 | AN56: =IF(OR(X56="",'4_BENCHMARK'!$C$9=""),"",ABS(X56-'4_BENCHMARK'!$C$9)) -> 1 | AO56: =IF(OR(Y56="",'4_BENCHMARK'!$C$10=""),"",ABS(Y56-'4_BENCHMARK'!$C$10)) -> 0.25 | AP56: =IF(OR(Z56="",'4_BENCHMARK'!$C$11=""),"",ABS(Z56-'4_BENCHMARK'!$C$11)) -> 0 | AQ56: =IF(COUNT(AI56:AP56)<8,"",1-AVERAGE(AI56:AP56)) -> 0.65625 | AS56: trunk | AT56: =IF(COUNT(AI56:AL56,AO56:AP56)<6,"",1-AVERAGE(AI56:AL56,AO56:AP56)) -> 0.875 | AU56: =IF(AND($I56="yes",$C56<=1949,K56<>""),K56,"") | AV56: =IF(AND($I56="yes",$C56<=1949,L56<>""),L56,"") | AW56: =IF(AND($I56="yes",$C56<=1949,M56<>""),M56,"") | AX56: =IF(AND($I56="yes",$C56<=1949,N56<>""),N56,"") | AY56: =IF(AND($I56="yes",$C56<=1949,O56<>""),O56,"") | AZ56: =IF(AND($I56="yes",$C56<=1949,P56<>""),P56,"") | BA56: =IF(AND($I56="yes",$C56<=1949,Q56<>""),Q56,"") | BB56: =IF(AND($I56="yes",$C56<=1949,R56<>""),R56,"") | BC56: =IF(AND($I56="yes",$C56>=2000,K56<>""),K56,"") -> 5 | BD56: =IF(AND($I56="yes",$C56>=2000,L56<>""),L56,"") -> 5 | BE56: =IF(AND($I56="yes",$C56>=2000,M56<>""),M56,"") -> 5 | BF56: =IF(AND($I56="yes",$C56>=2000,N56<>""),N56,"") -> 3 | BG56: =IF(AND($I56="yes",$C56>=2000,O56<>""),O56,"") -> 5 | BH56: =IF(AND($I56="yes",$C56>=2000,P56<>""),P56,"") -> 5 | BI56: =IF(AND($I56="yes",$C56>=2000,Q56<>""),Q56,"") -> 2 | BJ56: =IF(AND($I56="yes",$C56>=2000,R56<>""),R56,"") -> 5
A57: 53 | B57: A SHINY EMERALD GREEN ALLIGATOR MINI CAPUCINES WITH GOLD HARDWARE | C57: 2023 | D57: =IF(C57="","",FLOOR(C57,10)) -> 2020 | E57: Christie's | F57: https://onlineonly.christies.com/s/handbags-online-paris-edit/shiny-emerald-green-alligator-mini-capucines-gold-hardware-202/278855 | G57: LV0053.png | H57: yes | I57: yes | K57: 3 | L57: 3 | M57: 2 | N57: 5 | O57: 1 | P57: 1 | Q57: 2 | R57: 4 | S57: =IF(K57="","",(K57-1)/4) -> 0.5 | T57: =IF(L57="","",(L57-1)/4) -> 0.5 | U57: =IF(M57="","",(M57-1)/4) -> 0.25 | V57: =IF(N57="","",(N57-1)/4) -> 1 | W57: =IF(O57="","",(O57-1)/4) -> 0 | X57: =IF(P57="","",(P57-1)/4) -> 0 | Y57: =IF(Q57="","",(Q57-1)/4) -> 0.25 | Z57: =IF(R57="","",(R57-1)/4) -> 0.75 | AA57: =IF(AND(S57<>"",C57<=1949,I57="yes"),S57,"") | AB57: =IF(AND(T57<>"",C57<=1949,I57="yes"),T57,"") | AC57: =IF(AND(U57<>"",C57<=1949,I57="yes"),U57,"") | AD57: =IF(AND(V57<>"",C57<=1949,I57="yes"),V57,"") | AE57: =IF(AND(W57<>"",C57<=1949,I57="yes"),W57,"") | AF57: =IF(AND(X57<>"",C57<=1949,I57="yes"),X57,"") | AG57: =IF(AND(Y57<>"",C57<=1949,I57="yes"),Y57,"") | AH57: =IF(AND(Z57<>"",C57<=1949,I57="yes"),Z57,"") | AI57: =IF(OR(S57="",'4_BENCHMARK'!$C$4=""),"",ABS(S57-'4_BENCHMARK'!$C$4)) -> 0.5 | AJ57: =IF(OR(T57="",'4_BENCHMARK'!$C$5=""),"",ABS(T57-'4_BENCHMARK'!$C$5)) -> 0.5 | AK57: =IF(OR(U57="",'4_BENCHMARK'!$C$6=""),"",ABS(U57-'4_BENCHMARK'!$C$6)) -> 0.75 | AL57: =IF(OR(V57="",'4_BENCHMARK'!$C$7=""),"",ABS(V57-'4_BENCHMARK'!$C$7)) -> 0 | AM57: =IF(OR(W57="",'4_BENCHMARK'!$C$8=""),"",ABS(W57-'4_BENCHMARK'!$C$8)) -> 0 | AN57: =IF(OR(X57="",'4_BENCHMARK'!$C$9=""),"",ABS(X57-'4_BENCHMARK'!$C$9)) -> 0 | AO57: =IF(OR(Y57="",'4_BENCHMARK'!$C$10=""),"",ABS(Y57-'4_BENCHMARK'!$C$10)) -> 0.25 | AP57: =IF(OR(Z57="",'4_BENCHMARK'!$C$11=""),"",ABS(Z57-'4_BENCHMARK'!$C$11)) -> 0.25 | AQ57: =IF(COUNT(AI57:AP57)<8,"",1-AVERAGE(AI57:AP57)) -> 0.71875 | AS57: bag | AT57: =IF(COUNT(AI57:AL57,AO57:AP57)<6,"",1-AVERAGE(AI57:AL57,AO57:AP57)) -> 0.625 | AU57: =IF(AND($I57="yes",$C57<=1949,K57<>""),K57,"") | AV57: =IF(AND($I57="yes",$C57<=1949,L57<>""),L57,"") | AW57: =IF(AND($I57="yes",$C57<=1949,M57<>""),M57,"") | AX57: =IF(AND($I57="yes",$C57<=1949,N57<>""),N57,"") | AY57: =IF(AND($I57="yes",$C57<=1949,O57<>""),O57,"") | AZ57: =IF(AND($I57="yes",$C57<=1949,P57<>""),P57,"") | BA57: =IF(AND($I57="yes",$C57<=1949,Q57<>""),Q57,"") | BB57: =IF(AND($I57="yes",$C57<=1949,R57<>""),R57,"") | BC57: =IF(AND($I57="yes",$C57>=2000,K57<>""),K57,"") -> 3 | BD57: =IF(AND($I57="yes",$C57>=2000,L57<>""),L57,"") -> 3 | BE57: =IF(AND($I57="yes",$C57>=2000,M57<>""),M57,"") -> 2 | BF57: =IF(AND($I57="yes",$C57>=2000,N57<>""),N57,"") -> 5 | BG57: =IF(AND($I57="yes",$C57>=2000,O57<>""),O57,"") -> 1 | BH57: =IF(AND($I57="yes",$C57>=2000,P57<>""),P57,"") -> 1 | BI57: =IF(AND($I57="yes",$C57>=2000,Q57<>""),Q57,"") -> 2 | BJ57: =IF(AND($I57="yes",$C57>=2000,R57<>""),R57,"") -> 4
A58: 54 | B58: A RARE EXTRA TALL MONOGRAM CANVAS WARDROBE TRUNK | C58: 1910 | D58: =IF(C58="","",FLOOR(C58,10)) -> 1910 | E58: Christie's | F58: https://www.christies.com/en/lot/lot-5764569 | G58: LV0054.png | H58: yes | I58: yes | J58: circa 1910 | K58: 5 | L58: 5 | M58: 5 | N58: 5 | O58: 5 | P58: 5 | Q58: 3 | R58: 5 | S58: =IF(K58="","",(K58-1)/4) -> 1 | T58: =IF(L58="","",(L58-1)/4) -> 1 | U58: =IF(M58="","",(M58-1)/4) -> 1 | V58: =IF(N58="","",(N58-1)/4) -> 1 | W58: =IF(O58="","",(O58-1)/4) -> 1 | X58: =IF(P58="","",(P58-1)/4) -> 1 | Y58: =IF(Q58="","",(Q58-1)/4) -> 0.5 | Z58: =IF(R58="","",(R58-1)/4) -> 1 | AA58: =IF(AND(S58<>"",C58<=1949,I58="yes"),S58,"") -> 1 | AB58: =IF(AND(T58<>"",C58<=1949,I58="yes"),T58,"") -> 1 | AC58: =IF(AND(U58<>"",C58<=1949,I58="yes"),U58,"") -> 1 | AD58: =IF(AND(V58<>"",C58<=1949,I58="yes"),V58,"") -> 1 | AE58: =IF(AND(W58<>"",C58<=1949,I58="yes"),W58,"") -> 1 | AF58: =IF(AND(X58<>"",C58<=1949,I58="yes"),X58,"") -> 1 | AG58: =IF(AND(Y58<>"",C58<=1949,I58="yes"),Y58,"") -> 0.5 | AH58: =IF(AND(Z58<>"",C58<=1949,I58="yes"),Z58,"") -> 1 | AI58: =IF(OR(S58="",'4_BENCHMARK'!$C$4=""),"",ABS(S58-'4_BENCHMARK'!$C$4)) -> 0 | AJ58: =IF(OR(T58="",'4_BENCHMARK'!$C$5=""),"",ABS(T58-'4_BENCHMARK'!$C$5)) -> 0 | AK58: =IF(OR(U58="",'4_BENCHMARK'!$C$6=""),"",ABS(U58-'4_BENCHMARK'!$C$6)) -> 0 | AL58: =IF(OR(V58="",'4_BENCHMARK'!$C$7=""),"",ABS(V58-'4_BENCHMARK'!$C$7)) -> 0 | AM58: =IF(OR(W58="",'4_BENCHMARK'!$C$8=""),"",ABS(W58-'4_BENCHMARK'!$C$8)) -> 1 | AN58: =IF(OR(X58="",'4_BENCHMARK'!$C$9=""),"",ABS(X58-'4_BENCHMARK'!$C$9)) -> 1 | AO58: =IF(OR(Y58="",'4_BENCHMARK'!$C$10=""),"",ABS(Y58-'4_BENCHMARK'!$C$10)) -> 0 | AP58: =IF(OR(Z58="",'4_BENCHMARK'!$C$11=""),"",ABS(Z58-'4_BENCHMARK'!$C$11)) -> 0 | AQ58: =IF(COUNT(AI58:AP58)<8,"",1-AVERAGE(AI58:AP58)) -> 0.75 | AR58: yes | AS58: trunk | AT58: =IF(COUNT(AI58:AL58,AO58:AP58)<6,"",1-AVERAGE(AI58:AL58,AO58:AP58)) -> 1 | AU58: =IF(AND($I58="yes",$C58<=1949,K58<>""),K58,"") -> 5 | AV58: =IF(AND($I58="yes",$C58<=1949,L58<>""),L58,"") -> 5 | AW58: =IF(AND($I58="yes",$C58<=1949,M58<>""),M58,"") -> 5 | AX58: =IF(AND($I58="yes",$C58<=1949,N58<>""),N58,"") -> 5 | AY58: =IF(AND($I58="yes",$C58<=1949,O58<>""),O58,"") -> 5 | AZ58: =IF(AND($I58="yes",$C58<=1949,P58<>""),P58,"") -> 5 | BA58: =IF(AND($I58="yes",$C58<=1949,Q58<>""),Q58,"") -> 3 | BB58: =IF(AND($I58="yes",$C58<=1949,R58<>""),R58,"") -> 5 | BC58: =IF(AND($I58="yes",$C58>=2000,K58<>""),K58,"") | BD58: =IF(AND($I58="yes",$C58>=2000,L58<>""),L58,"") | BE58: =IF(AND($I58="yes",$C58>=2000,M58<>""),M58,"") | BF58: =IF(AND($I58="yes",$C58>=2000,N58<>""),N58,"") | BG58: =IF(AND($I58="yes",$C58>=2000,O58<>""),O58,"") | BH58: =IF(AND($I58="yes",$C58>=2000,P58<>""),P58,"") | BI58: =IF(AND($I58="yes",$C58>=2000,Q58<>""),Q58,"") | BJ58: =IF(AND($I58="yes",$C58>=2000,R58<>""),R58,"")
A59: 55 | B59: A LIMITED EDITION RED EPI LEATHER SUPREME KEEPALL 45 WITH SILVER HARDWARE | C59: 2017 | D59: =IF(C59="","",FLOOR(C59,10)) -> 2010 | E59: Christie's | F59: https://www.christies.com/en/lot/lot-6205935 | G59: LV0055.png | H59: yes | I59: yes | K59: 3 | L59: 3 | M59: 3 | N59: 4 | O59: 2 | P59: 1 | Q59: 2 | R59: 4 | S59: =IF(K59="","",(K59-1)/4) -> 0.5 | T59: =IF(L59="","",(L59-1)/4) -> 0.5 | U59: =IF(M59="","",(M59-1)/4) -> 0.5 | V59: =IF(N59="","",(N59-1)/4) -> 0.75 | W59: =IF(O59="","",(O59-1)/4) -> 0.25 | X59: =IF(P59="","",(P59-1)/4) -> 0 | Y59: =IF(Q59="","",(Q59-1)/4) -> 0.25 | Z59: =IF(R59="","",(R59-1)/4) -> 0.75 | AA59: =IF(AND(S59<>"",C59<=1949,I59="yes"),S59,"") | AB59: =IF(AND(T59<>"",C59<=1949,I59="yes"),T59,"") | AC59: =IF(AND(U59<>"",C59<=1949,I59="yes"),U59,"") | AD59: =IF(AND(V59<>"",C59<=1949,I59="yes"),V59,"") | AE59: =IF(AND(W59<>"",C59<=1949,I59="yes"),W59,"") | AF59: =IF(AND(X59<>"",C59<=1949,I59="yes"),X59,"") | AG59: =IF(AND(Y59<>"",C59<=1949,I59="yes"),Y59,"") | AH59: =IF(AND(Z59<>"",C59<=1949,I59="yes"),Z59,"") | AI59: =IF(OR(S59="",'4_BENCHMARK'!$C$4=""),"",ABS(S59-'4_BENCHMARK'!$C$4)) -> 0.5 | AJ59: =IF(OR(T59="",'4_BENCHMARK'!$C$5=""),"",ABS(T59-'4_BENCHMARK'!$C$5)) -> 0.5 | AK59: =IF(OR(U59="",'4_BENCHMARK'!$C$6=""),"",ABS(U59-'4_BENCHMARK'!$C$6)) -> 0.5 | AL59: =IF(OR(V59="",'4_BENCHMARK'!$C$7=""),"",ABS(V59-'4_BENCHMARK'!$C$7)) -> 0.25 | AM59: =IF(OR(W59="",'4_BENCHMARK'!$C$8=""),"",ABS(W59-'4_BENCHMARK'!$C$8)) -> 0.25 | AN59: =IF(OR(X59="",'4_BENCHMARK'!$C$9=""),"",ABS(X59-'4_BENCHMARK'!$C$9)) -> 0 | AO59: =IF(OR(Y59="",'4_BENCHMARK'!$C$10=""),"",ABS(Y59-'4_BENCHMARK'!$C$10)) -> 0.25 | AP59: =IF(OR(Z59="",'4_BENCHMARK'!$C$11=""),"",ABS(Z59-'4_BENCHMARK'!$C$11)) -> 0.25 | AQ59: =IF(COUNT(AI59:AP59)<8,"",1-AVERAGE(AI59:AP59)) -> 0.6875 | AS59: bag | AT59: =IF(COUNT(AI59:AL59,AO59:AP59)<6,"",1-AVERAGE(AI59:AL59,AO59:AP59)) -> 0.625 | AU59: =IF(AND($I59="yes",$C59<=1949,K59<>""),K59,"") | AV59: =IF(AND($I59="yes",$C59<=1949,L59<>""),L59,"") | AW59: =IF(AND($I59="yes",$C59<=1949,M59<>""),M59,"") | AX59: =IF(AND($I59="yes",$C59<=1949,N59<>""),N59,"") | AY59: =IF(AND($I59="yes",$C59<=1949,O59<>""),O59,"") | AZ59: =IF(AND($I59="yes",$C59<=1949,P59<>""),P59,"") | BA59: =IF(AND($I59="yes",$C59<=1949,Q59<>""),Q59,"") | BB59: =IF(AND($I59="yes",$C59<=1949,R59<>""),R59,"") | BC59: =IF(AND($I59="yes",$C59>=2000,K59<>""),K59,"") -> 3 | BD59: =IF(AND($I59="yes",$C59>=2000,L59<>""),L59,"") -> 3 | BE59: =IF(AND($I59="yes",$C59>=2000,M59<>""),M59,"") -> 3 | BF59: =IF(AND($I59="yes",$C59>=2000,N59<>""),N59,"") -> 4 | BG59: =IF(AND($I59="yes",$C59>=2000,O59<>""),O59,"") -> 2 | BH59: =IF(AND($I59="yes",$C59>=2000,P59<>""),P59,"") -> 1 | BI59: =IF(AND($I59="yes",$C59>=2000,Q59<>""),Q59,"") -> 2 | BJ59: =IF(AND($I59="yes",$C59>=2000,R59<>""),R59,"") -> 4
A60: 56 | B60: A RARE LOUIS VUITTON 'MALLE SECRETAIRE' MONOGRAM CANVAS TRUNK | C60: 1920 | D60: =IF(C60="","",FLOOR(C60,10)) -> 1920 | E60: Christie's | F60: https://www.christies.com/en/lot/lot-5921716 | G60: LV0056.png | H60: no | I60: yes | J60: circa 1920 | K60: 5 | L60: 5 | M60: 5 | N60: 4 | O60: 5 | P60: 5 | Q60: 3 | R60: 5 | S60: =IF(K60="","",(K60-1)/4) -> 1 | T60: =IF(L60="","",(L60-1)/4) -> 1 | U60: =IF(M60="","",(M60-1)/4) -> 1 | V60: =IF(N60="","",(N60-1)/4) -> 0.75 | W60: =IF(O60="","",(O60-1)/4) -> 1 | X60: =IF(P60="","",(P60-1)/4) -> 1 | Y60: =IF(Q60="","",(Q60-1)/4) -> 0.5 | Z60: =IF(R60="","",(R60-1)/4) -> 1 | AA60: =IF(AND(S60<>"",C60<=1949,I60="yes"),S60,"") -> 1 | AB60: =IF(AND(T60<>"",C60<=1949,I60="yes"),T60,"") -> 1 | AC60: =IF(AND(U60<>"",C60<=1949,I60="yes"),U60,"") -> 1 | AD60: =IF(AND(V60<>"",C60<=1949,I60="yes"),V60,"") -> 0.75 | AE60: =IF(AND(W60<>"",C60<=1949,I60="yes"),W60,"") -> 1 | AF60: =IF(AND(X60<>"",C60<=1949,I60="yes"),X60,"") -> 1 | AG60: =IF(AND(Y60<>"",C60<=1949,I60="yes"),Y60,"") -> 0.5 | AH60: =IF(AND(Z60<>"",C60<=1949,I60="yes"),Z60,"") -> 1 | AI60: =IF(OR(S60="",'4_BENCHMARK'!$C$4=""),"",ABS(S60-'4_BENCHMARK'!$C$4)) -> 0 | AJ60: =IF(OR(T60="",'4_BENCHMARK'!$C$5=""),"",ABS(T60-'4_BENCHMARK'!$C$5)) -> 0 | AK60: =IF(OR(U60="",'4_BENCHMARK'!$C$6=""),"",ABS(U60-'4_BENCHMARK'!$C$6)) -> 0 | AL60: =IF(OR(V60="",'4_BENCHMARK'!$C$7=""),"",ABS(V60-'4_BENCHMARK'!$C$7)) -> 0.25 | AM60: =IF(OR(W60="",'4_BENCHMARK'!$C$8=""),"",ABS(W60-'4_BENCHMARK'!$C$8)) -> 1 | AN60: =IF(OR(X60="",'4_BENCHMARK'!$C$9=""),"",ABS(X60-'4_BENCHMARK'!$C$9)) -> 1 | AO60: =IF(OR(Y60="",'4_BENCHMARK'!$C$10=""),"",ABS(Y60-'4_BENCHMARK'!$C$10)) -> 0 | AP60: =IF(OR(Z60="",'4_BENCHMARK'!$C$11=""),"",ABS(Z60-'4_BENCHMARK'!$C$11)) -> 0 | AQ60: =IF(COUNT(AI60:AP60)<8,"",1-AVERAGE(AI60:AP60)) -> 0.71875 | AS60: trunk | AT60: =IF(COUNT(AI60:AL60,AO60:AP60)<6,"",1-AVERAGE(AI60:AL60,AO60:AP60)) -> 0.95833333 | AU60: =IF(AND($I60="yes",$C60<=1949,K60<>""),K60,"") -> 5 | AV60: =IF(AND($I60="yes",$C60<=1949,L60<>""),L60,"") -> 5 | AW60: =IF(AND($I60="yes",$C60<=1949,M60<>""),M60,"") -> 5 | AX60: =IF(AND($I60="yes",$C60<=1949,N60<>""),N60,"") -> 4 | AY60: =IF(AND($I60="yes",$C60<=1949,O60<>""),O60,"") -> 5 | AZ60: =IF(AND($I60="yes",$C60<=1949,P60<>""),P60,"") -> 5 | BA60: =IF(AND($I60="yes",$C60<=1949,Q60<>""),Q60,"") -> 3 | BB60: =IF(AND($I60="yes",$C60<=1949,R60<>""),R60,"") -> 5 | BC60: =IF(AND($I60="yes",$C60>=2000,K60<>""),K60,"") | BD60: =IF(AND($I60="yes",$C60>=2000,L60<>""),L60,"") | BE60: =IF(AND($I60="yes",$C60>=2000,M60<>""),M60,"") | BF60: =IF(AND($I60="yes",$C60>=2000,N60<>""),N60,"") | BG60: =IF(AND($I60="yes",$C60>=2000,O60<>""),O60,"") | BH60: =IF(AND($I60="yes",$C60>=2000,P60<>""),P60,"") | BI60: =IF(AND($I60="yes",$C60>=2000,Q60<>""),Q60,"") | BJ60: =IF(AND($I60="yes",$C60>=2000,R60<>""),R60,"")
A61: 57 | B61: A RARE, MATTE BALLET ROSE SAHARA ALLIGATOR CAPUCINES BB WITH ROSE GOLD HARDWARE | C61: 2024 | D61: =IF(C61="","",FLOOR(C61,10)) -> 2020 | E61: Christie's | F61: https://www.christies.com/en/lot/lot-6586994 | G61: LV0057.png | H61: yes | I61: yes | J61: circa 2024 | K61: 3 | L61: 3 | M61: 2 | N61: 5 | O61: 1 | P61: 1 | Q61: 2 | R61: 4 | S61: =IF(K61="","",(K61-1)/4) -> 0.5 | T61: =IF(L61="","",(L61-1)/4) -> 0.5 | U61: =IF(M61="","",(M61-1)/4) -> 0.25 | V61: =IF(N61="","",(N61-1)/4) -> 1 | W61: =IF(O61="","",(O61-1)/4) -> 0 | X61: =IF(P61="","",(P61-1)/4) -> 0 | Y61: =IF(Q61="","",(Q61-1)/4) -> 0.25 | Z61: =IF(R61="","",(R61-1)/4) -> 0.75 | AA61: =IF(AND(S61<>"",C61<=1949,I61="yes"),S61,"") | AB61: =IF(AND(T61<>"",C61<=1949,I61="yes"),T61,"") | AC61: =IF(AND(U61<>"",C61<=1949,I61="yes"),U61,"") | AD61: =IF(AND(V61<>"",C61<=1949,I61="yes"),V61,"") | AE61: =IF(AND(W61<>"",C61<=1949,I61="yes"),W61,"") | AF61: =IF(AND(X61<>"",C61<=1949,I61="yes"),X61,"") | AG61: =IF(AND(Y61<>"",C61<=1949,I61="yes"),Y61,"") | AH61: =IF(AND(Z61<>"",C61<=1949,I61="yes"),Z61,"") | AI61: =IF(OR(S61="",'4_BENCHMARK'!$C$4=""),"",ABS(S61-'4_BENCHMARK'!$C$4)) -> 0.5 | AJ61: =IF(OR(T61="",'4_BENCHMARK'!$C$5=""),"",ABS(T61-'4_BENCHMARK'!$C$5)) -> 0.5 | AK61: =IF(OR(U61="",'4_BENCHMARK'!$C$6=""),"",ABS(U61-'4_BENCHMARK'!$C$6)) -> 0.75 | AL61: =IF(OR(V61="",'4_BENCHMARK'!$C$7=""),"",ABS(V61-'4_BENCHMARK'!$C$7)) -> 0 | AM61: =IF(OR(W61="",'4_BENCHMARK'!$C$8=""),"",ABS(W61-'4_BENCHMARK'!$C$8)) -> 0 | AN61: =IF(OR(X61="",'4_BENCHMARK'!$C$9=""),"",ABS(X61-'4_BENCHMARK'!$C$9)) -> 0 | AO61: =IF(OR(Y61="",'4_BENCHMARK'!$C$10=""),"",ABS(Y61-'4_BENCHMARK'!$C$10)) -> 0.25 | AP61: =IF(OR(Z61="",'4_BENCHMARK'!$C$11=""),"",ABS(Z61-'4_BENCHMARK'!$C$11)) -> 0.25 | AQ61: =IF(COUNT(AI61:AP61)<8,"",1-AVERAGE(AI61:AP61)) -> 0.71875 | AS61: bag | AT61: =IF(COUNT(AI61:AL61,AO61:AP61)<6,"",1-AVERAGE(AI61:AL61,AO61:AP61)) -> 0.625 | AU61: =IF(AND($I61="yes",$C61<=1949,K61<>""),K61,"") | AV61: =IF(AND($I61="yes",$C61<=1949,L61<>""),L61,"") | AW61: =IF(AND($I61="yes",$C61<=1949,M61<>""),M61,"") | AX61: =IF(AND($I61="yes",$C61<=1949,N61<>""),N61,"") | AY61: =IF(AND($I61="yes",$C61<=1949,O61<>""),O61,"") | AZ61: =IF(AND($I61="yes",$C61<=1949,P61<>""),P61,"") | BA61: =IF(AND($I61="yes",$C61<=1949,Q61<>""),Q61,"") | BB61: =IF(AND($I61="yes",$C61<=1949,R61<>""),R61,"") | BC61: =IF(AND($I61="yes",$C61>=2000,K61<>""),K61,"") -> 3 | BD61: =IF(AND($I61="yes",$C61>=2000,L61<>""),L61,"") -> 3 | BE61: =IF(AND($I61="yes",$C61>=2000,M61<>""),M61,"") -> 2 | BF61: =IF(AND($I61="yes",$C61>=2000,N61<>""),N61,"") -> 5 | BG61: =IF(AND($I61="yes",$C61>=2000,O61<>""),O61,"") -> 1 | BH61: =IF(AND($I61="yes",$C61>=2000,P61<>""),P61,"") -> 1 | BI61: =IF(AND($I61="yes",$C61>=2000,Q61<>""),Q61,"") -> 2 | BJ61: =IF(AND($I61="yes",$C61>=2000,R61<>""),R61,"") -> 4
A62: 58 | B62: A MONOGRAM CANVAS WARDROBE TRUNK WITH BRASS HARDWARE | C62: 1930 | D62: =IF(C62="","",FLOOR(C62,10)) -> 1930 | E62: Christie's | F62: https://onlineonly.christies.com/s/legendary-trunks-european-private-collection-part-ii/monogram-canvas-wardrobe-trunk-brass-hardware-61/263009 | G62: LV0058.png | H62: no | I62: yes | K62: 5 | L62: 5 | M62: 5 | N62: 5 | O62: 5 | P62: 5 | Q62: 2 | R62: 5 | S62: =IF(K62="","",(K62-1)/4) -> 1 | T62: =IF(L62="","",(L62-1)/4) -> 1 | U62: =IF(M62="","",(M62-1)/4) -> 1 | V62: =IF(N62="","",(N62-1)/4) -> 1 | W62: =IF(O62="","",(O62-1)/4) -> 1 | X62: =IF(P62="","",(P62-1)/4) -> 1 | Y62: =IF(Q62="","",(Q62-1)/4) -> 0.25 | Z62: =IF(R62="","",(R62-1)/4) -> 1 | AA62: =IF(AND(S62<>"",C62<=1949,I62="yes"),S62,"") -> 1 | AB62: =IF(AND(T62<>"",C62<=1949,I62="yes"),T62,"") -> 1 | AC62: =IF(AND(U62<>"",C62<=1949,I62="yes"),U62,"") -> 1 | AD62: =IF(AND(V62<>"",C62<=1949,I62="yes"),V62,"") -> 1 | AE62: =IF(AND(W62<>"",C62<=1949,I62="yes"),W62,"") -> 1 | AF62: =IF(AND(X62<>"",C62<=1949,I62="yes"),X62,"") -> 1 | AG62: =IF(AND(Y62<>"",C62<=1949,I62="yes"),Y62,"") -> 0.25 | AH62: =IF(AND(Z62<>"",C62<=1949,I62="yes"),Z62,"") -> 1 | AI62: =IF(OR(S62="",'4_BENCHMARK'!$C$4=""),"",ABS(S62-'4_BENCHMARK'!$C$4)) -> 0 | AJ62: =IF(OR(T62="",'4_BENCHMARK'!$C$5=""),"",ABS(T62-'4_BENCHMARK'!$C$5)) -> 0 | AK62: =IF(OR(U62="",'4_BENCHMARK'!$C$6=""),"",ABS(U62-'4_BENCHMARK'!$C$6)) -> 0 | AL62: =IF(OR(V62="",'4_BENCHMARK'!$C$7=""),"",ABS(V62-'4_BENCHMARK'!$C$7)) -> 0 | AM62: =IF(OR(W62="",'4_BENCHMARK'!$C$8=""),"",ABS(W62-'4_BENCHMARK'!$C$8)) -> 1 | AN62: =IF(OR(X62="",'4_BENCHMARK'!$C$9=""),"",ABS(X62-'4_BENCHMARK'!$C$9)) -> 1 | AO62: =IF(OR(Y62="",'4_BENCHMARK'!$C$10=""),"",ABS(Y62-'4_BENCHMARK'!$C$10)) -> 0.25 | AP62: =IF(OR(Z62="",'4_BENCHMARK'!$C$11=""),"",ABS(Z62-'4_BENCHMARK'!$C$11)) -> 0 | AQ62: =IF(COUNT(AI62:AP62)<8,"",1-AVERAGE(AI62:AP62)) -> 0.71875 | AS62: trunk | AT62: =IF(COUNT(AI62:AL62,AO62:AP62)<6,"",1-AVERAGE(AI62:AL62,AO62:AP62)) -> 0.95833333 | AU62: =IF(AND($I62="yes",$C62<=1949,K62<>""),K62,"") -> 5 | AV62: =IF(AND($I62="yes",$C62<=1949,L62<>""),L62,"") -> 5 | AW62: =IF(AND($I62="yes",$C62<=1949,M62<>""),M62,"") -> 5 | AX62: =IF(AND($I62="yes",$C62<=1949,N62<>""),N62,"") -> 5 | AY62: =IF(AND($I62="yes",$C62<=1949,O62<>""),O62,"") -> 5 | AZ62: =IF(AND($I62="yes",$C62<=1949,P62<>""),P62,"") -> 5 | BA62: =IF(AND($I62="yes",$C62<=1949,Q62<>""),Q62,"") -> 2 | BB62: =IF(AND($I62="yes",$C62<=1949,R62<>""),R62,"") -> 5 | BC62: =IF(AND($I62="yes",$C62>=2000,K62<>""),K62,"") | BD62: =IF(AND($I62="yes",$C62>=2000,L62<>""),L62,"") | BE62: =IF(AND($I62="yes",$C62>=2000,M62<>""),M62,"") | BF62: =IF(AND($I62="yes",$C62>=2000,N62<>""),N62,"") | BG62: =IF(AND($I62="yes",$C62>=2000,O62<>""),O62,"") | BH62: =IF(AND($I62="yes",$C62>=2000,P62<>""),P62,"") | BI62: =IF(AND($I62="yes",$C62>=2000,Q62<>""),Q62,"") | BJ62: =IF(AND($I62="yes",$C62>=2000,R62<>""),R62,"")
A63: 59 | B63: A MATTE WHITE HIMALAYA CROCODILE CITY STEAMER PM WITH SILVER HARDWARE | C63: 2020 | D63: =IF(C63="","",FLOOR(C63,10)) -> 2020 | E63: Christie's | F63: https://onlineonly.christies.com/s/handbags-online-power-colour/matte-white-himalaya-crocodile-city-steamer-pm-silver-hardware-128/159190 | G63: LV0059.png | H63: yes | I63: yes | J63: circa 2020 | K63: 3 | L63: 4 | M63: 4 | N63: 4 | O63: 1 | P63: 1 | Q63: 2 | R63: 4 | S63: =IF(K63="","",(K63-1)/4) -> 0.5 | T63: =IF(L63="","",(L63-1)/4) -> 0.75 | U63: =IF(M63="","",(M63-1)/4) -> 0.75 | V63: =IF(N63="","",(N63-1)/4) -> 0.75 | W63: =IF(O63="","",(O63-1)/4) -> 0 | X63: =IF(P63="","",(P63-1)/4) -> 0 | Y63: =IF(Q63="","",(Q63-1)/4) -> 0.25 | Z63: =IF(R63="","",(R63-1)/4) -> 0.75 | AA63: =IF(AND(S63<>"",C63<=1949,I63="yes"),S63,"") | AB63: =IF(AND(T63<>"",C63<=1949,I63="yes"),T63,"") | AC63: =IF(AND(U63<>"",C63<=1949,I63="yes"),U63,"") | AD63: =IF(AND(V63<>"",C63<=1949,I63="yes"),V63,"") | AE63: =IF(AND(W63<>"",C63<=1949,I63="yes"),W63,"") | AF63: =IF(AND(X63<>"",C63<=1949,I63="yes"),X63,"") | AG63: =IF(AND(Y63<>"",C63<=1949,I63="yes"),Y63,"") | AH63: =IF(AND(Z63<>"",C63<=1949,I63="yes"),Z63,"") | AI63: =IF(OR(S63="",'4_BENCHMARK'!$C$4=""),"",ABS(S63-'4_BENCHMARK'!$C$4)) -> 0.5 | AJ63: =IF(OR(T63="",'4_BENCHMARK'!$C$5=""),"",ABS(T63-'4_BENCHMARK'!$C$5)) -> 0.25 | AK63: =IF(OR(U63="",'4_BENCHMARK'!$C$6=""),"",ABS(U63-'4_BENCHMARK'!$C$6)) -> 0.25 | AL63: =IF(OR(V63="",'4_BENCHMARK'!$C$7=""),"",ABS(V63-'4_BENCHMARK'!$C$7)) -> 0.25 | AM63: =IF(OR(W63="",'4_BENCHMARK'!$C$8=""),"",ABS(W63-'4_BENCHMARK'!$C$8)) -> 0 | AN63: =IF(OR(X63="",'4_BENCHMARK'!$C$9=""),"",ABS(X63-'4_BENCHMARK'!$C$9)) -> 0 | AO63: =IF(OR(Y63="",'4_BENCHMARK'!$C$10=""),"",ABS(Y63-'4_BENCHMARK'!$C$10)) -> 0.25 | AP63: =IF(OR(Z63="",'4_BENCHMARK'!$C$11=""),"",ABS(Z63-'4_BENCHMARK'!$C$11)) -> 0.25 | AQ63: =IF(COUNT(AI63:AP63)<8,"",1-AVERAGE(AI63:AP63)) -> 0.78125 | AS63: bag | AT63: =IF(COUNT(AI63:AL63,AO63:AP63)<6,"",1-AVERAGE(AI63:AL63,AO63:AP63)) -> 0.70833333 | AU63: =IF(AND($I63="yes",$C63<=1949,K63<>""),K63,"") | AV63: =IF(AND($I63="yes",$C63<=1949,L63<>""),L63,"") | AW63: =IF(AND($I63="yes",$C63<=1949,M63<>""),M63,"") | AX63: =IF(AND($I63="yes",$C63<=1949,N63<>""),N63,"") | AY63: =IF(AND($I63="yes",$C63<=1949,O63<>""),O63,"") | AZ63: =IF(AND($I63="yes",$C63<=1949,P63<>""),P63,"") | BA63: =IF(AND($I63="yes",$C63<=1949,Q63<>""),Q63,"") | BB63: =IF(AND($I63="yes",$C63<=1949,R63<>""),R63,"") | BC63: =IF(AND($I63="yes",$C63>=2000,K63<>""),K63,"") -> 3 | BD63: =IF(AND($I63="yes",$C63>=2000,L63<>""),L63,"") -> 4 | BE63: =IF(AND($I63="yes",$C63>=2000,M63<>""),M63,"") -> 4 | BF63: =IF(AND($I63="yes",$C63>=2000,N63<>""),N63,"") -> 4 | BG63: =IF(AND($I63="yes",$C63>=2000,O63<>""),O63,"") -> 1 | BH63: =IF(AND($I63="yes",$C63>=2000,P63<>""),P63,"") -> 1 | BI63: =IF(AND($I63="yes",$C63>=2000,Q63<>""),Q63,"") -> 2 | BJ63: =IF(AND($I63="yes",$C63>=2000,R63<>""),R63,"") -> 4
A64: 60 | B64: A LIMITED EDITION ORANGE MAT MONOGRAM & NATURAL LEATHER BANDOULIÈRE VIA SPEEDY P9 40 WITH GOLD HARDWARE BY PHARRELL WILLIAMS | C64: 2023 | D64: =IF(C64="","",FLOOR(C64,10)) -> 2020 | E64: Christie's | F64: https://onlineonly.christies.com/s/handbags-online-paris-edit-unlocking-orange-dream-part-ii/limited-edition-orange-mat-monogram-natural-leather-bandouliere-speedy-66/257067 | G64: LV0060.png | H64: yes | I64: yes | K64: 3 | L64: 3 | M64: 3 | N64: 4 | O64: 5 | P64: 5 | Q64: 2 | R64: 4 | S64: =IF(K64="","",(K64-1)/4) -> 0.5 | T64: =IF(L64="","",(L64-1)/4) -> 0.5 | U64: =IF(M64="","",(M64-1)/4) -> 0.5 | V64: =IF(N64="","",(N64-1)/4) -> 0.75 | W64: =IF(O64="","",(O64-1)/4) -> 1 | X64: =IF(P64="","",(P64-1)/4) -> 1 | Y64: =IF(Q64="","",(Q64-1)/4) -> 0.25 | Z64: =IF(R64="","",(R64-1)/4) -> 0.75 | AA64: =IF(AND(S64<>"",C64<=1949,I64="yes"),S64,"") | AB64: =IF(AND(T64<>"",C64<=1949,I64="yes"),T64,"") | AC64: =IF(AND(U64<>"",C64<=1949,I64="yes"),U64,"") | AD64: =IF(AND(V64<>"",C64<=1949,I64="yes"),V64,"") | AE64: =IF(AND(W64<>"",C64<=1949,I64="yes"),W64,"") | AF64: =IF(AND(X64<>"",C64<=1949,I64="yes"),X64,"") | AG64: =IF(AND(Y64<>"",C64<=1949,I64="yes"),Y64,"") | AH64: =IF(AND(Z64<>"",C64<=1949,I64="yes"),Z64,"") | AI64: =IF(OR(S64="",'4_BENCHMARK'!$C$4=""),"",ABS(S64-'4_BENCHMARK'!$C$4)) -> 0.5 | AJ64: =IF(OR(T64="",'4_BENCHMARK'!$C$5=""),"",ABS(T64-'4_BENCHMARK'!$C$5)) -> 0.5 | AK64: =IF(OR(U64="",'4_BENCHMARK'!$C$6=""),"",ABS(U64-'4_BENCHMARK'!$C$6)) -> 0.5 | AL64: =IF(OR(V64="",'4_BENCHMARK'!$C$7=""),"",ABS(V64-'4_BENCHMARK'!$C$7)) -> 0.25 | AM64: =IF(OR(W64="",'4_BENCHMARK'!$C$8=""),"",ABS(W64-'4_BENCHMARK'!$C$8)) -> 1 | AN64: =IF(OR(X64="",'4_BENCHMARK'!$C$9=""),"",ABS(X64-'4_BENCHMARK'!$C$9)) -> 1 | AO64: =IF(OR(Y64="",'4_BENCHMARK'!$C$10=""),"",ABS(Y64-'4_BENCHMARK'!$C$10)) -> 0.25 | AP64: =IF(OR(Z64="",'4_BENCHMARK'!$C$11=""),"",ABS(Z64-'4_BENCHMARK'!$C$11)) -> 0.25 | AQ64: =IF(COUNT(AI64:AP64)<8,"",1-AVERAGE(AI64:AP64)) -> 0.46875 | AS64: bag | AT64: =IF(COUNT(AI64:AL64,AO64:AP64)<6,"",1-AVERAGE(AI64:AL64,AO64:AP64)) -> 0.625 | AU64: =IF(AND($I64="yes",$C64<=1949,K64<>""),K64,"") | AV64: =IF(AND($I64="yes",$C64<=1949,L64<>""),L64,"") | AW64: =IF(AND($I64="yes",$C64<=1949,M64<>""),M64,"") | AX64: =IF(AND($I64="yes",$C64<=1949,N64<>""),N64,"") | AY64: =IF(AND($I64="yes",$C64<=1949,O64<>""),O64,"") | AZ64: =IF(AND($I64="yes",$C64<=1949,P64<>""),P64,"") | BA64: =IF(AND($I64="yes",$C64<=1949,Q64<>""),Q64,"") | BB64: =IF(AND($I64="yes",$C64<=1949,R64<>""),R64,"") | BC64: =IF(AND($I64="yes",$C64>=2000,K64<>""),K64,"") -> 3 | BD64: =IF(AND($I64="yes",$C64>=2000,L64<>""),L64,"") -> 3 | BE64: =IF(AND($I64="yes",$C64>=2000,M64<>""),M64,"") -> 3 | BF64: =IF(AND($I64="yes",$C64>=2000,N64<>""),N64,"") -> 4 | BG64: =IF(AND($I64="yes",$C64>=2000,O64<>""),O64,"") -> 5 | BH64: =IF(AND($I64="yes",$C64>=2000,P64<>""),P64,"") -> 5 | BI64: =IF(AND($I64="yes",$C64>=2000,Q64<>""),Q64,"") -> 2 | BJ64: =IF(AND($I64="yes",$C64>=2000,R64<>""),R64,"") -> 4
A65: 61 | B65: A LIMITED EDITION EMBROIDERED CALFSKIN LEATHER ARTYCAPUCINES WITH GIRAFFE CHARM BY JONAS WOOD | C65: 2019 | D65: =IF(C65="","",FLOOR(C65,10)) -> 2010 | E65: Christie's | F65: https://www.christies.com/en/lot/lot-6319603 | G65: LV0061.png | H65: yes | I65: yes | K65: 3 | L65: 3 | M65: 2 | N65: 2 | O65: 5 | P65: 1 | Q65: 1 | R65: 4 | S65: =IF(K65="","",(K65-1)/4) -> 0.5 | T65: =IF(L65="","",(L65-1)/4) -> 0.5 | U65: =IF(M65="","",(M65-1)/4) -> 0.25 | V65: =IF(N65="","",(N65-1)/4) -> 0.25 | W65: =IF(O65="","",(O65-1)/4) -> 1 | X65: =IF(P65="","",(P65-1)/4) -> 0 | Y65: =IF(Q65="","",(Q65-1)/4) -> 0 | Z65: =IF(R65="","",(R65-1)/4) -> 0.75 | AA65: =IF(AND(S65<>"",C65<=1949,I65="yes"),S65,"") | AB65: =IF(AND(T65<>"",C65<=1949,I65="yes"),T65,"") | AC65: =IF(AND(U65<>"",C65<=1949,I65="yes"),U65,"") | AD65: =IF(AND(V65<>"",C65<=1949,I65="yes"),V65,"") | AE65: =IF(AND(W65<>"",C65<=1949,I65="yes"),W65,"") | AF65: =IF(AND(X65<>"",C65<=1949,I65="yes"),X65,"") | AG65: =IF(AND(Y65<>"",C65<=1949,I65="yes"),Y65,"") | AH65: =IF(AND(Z65<>"",C65<=1949,I65="yes"),Z65,"") | AI65: =IF(OR(S65="",'4_BENCHMARK'!$C$4=""),"",ABS(S65-'4_BENCHMARK'!$C$4)) -> 0.5 | AJ65: =IF(OR(T65="",'4_BENCHMARK'!$C$5=""),"",ABS(T65-'4_BENCHMARK'!$C$5)) -> 0.5 | AK65: =IF(OR(U65="",'4_BENCHMARK'!$C$6=""),"",ABS(U65-'4_BENCHMARK'!$C$6)) -> 0.75 | AL65: =IF(OR(V65="",'4_BENCHMARK'!$C$7=""),"",ABS(V65-'4_BENCHMARK'!$C$7)) -> 0.75 | AM65: =IF(OR(W65="",'4_BENCHMARK'!$C$8=""),"",ABS(W65-'4_BENCHMARK'!$C$8)) -> 1 | AN65: =IF(OR(X65="",'4_BENCHMARK'!$C$9=""),"",ABS(X65-'4_BENCHMARK'!$C$9)) -> 0 | AO65: =IF(OR(Y65="",'4_BENCHMARK'!$C$10=""),"",ABS(Y65-'4_BENCHMARK'!$C$10)) -> 0.5 | AP65: =IF(OR(Z65="",'4_BENCHMARK'!$C$11=""),"",ABS(Z65-'4_BENCHMARK'!$C$11)) -> 0.25 | AQ65: =IF(COUNT(AI65:AP65)<8,"",1-AVERAGE(AI65:AP65)) -> 0.46875 | AR65: yes | AS65: bag | AT65: =IF(COUNT(AI65:AL65,AO65:AP65)<6,"",1-AVERAGE(AI65:AL65,AO65:AP65)) -> 0.45833333 | AU65: =IF(AND($I65="yes",$C65<=1949,K65<>""),K65,"") | AV65: =IF(AND($I65="yes",$C65<=1949,L65<>""),L65,"") | AW65: =IF(AND($I65="yes",$C65<=1949,M65<>""),M65,"") | AX65: =IF(AND($I65="yes",$C65<=1949,N65<>""),N65,"") | AY65: =IF(AND($I65="yes",$C65<=1949,O65<>""),O65,"") | AZ65: =IF(AND($I65="yes",$C65<=1949,P65<>""),P65,"") | BA65: =IF(AND($I65="yes",$C65<=1949,Q65<>""),Q65,"") | BB65: =IF(AND($I65="yes",$C65<=1949,R65<>""),R65,"") | BC65: =IF(AND($I65="yes",$C65>=2000,K65<>""),K65,"") -> 3 | BD65: =IF(AND($I65="yes",$C65>=2000,L65<>""),L65,"") -> 3 | BE65: =IF(AND($I65="yes",$C65>=2000,M65<>""),M65,"") -> 2 | BF65: =IF(AND($I65="yes",$C65>=2000,N65<>""),N65,"") -> 2 | BG65: =IF(AND($I65="yes",$C65>=2000,O65<>""),O65,"") -> 5 | BH65: =IF(AND($I65="yes",$C65>=2000,P65<>""),P65,"") -> 1 | BI65: =IF(AND($I65="yes",$C65>=2000,Q65<>""),Q65,"") -> 1 | BJ65: =IF(AND($I65="yes",$C65>=2000,R65<>""),R65,"") -> 4
A66: 62 | B66: A NATURAL WOOD COURRIER 80 TRUNK WITH BLACK LACQUERED IRON HARDWARE | C66: 1870 | D66: =IF(C66="","",FLOOR(C66,10)) -> 1870 | E66: Christie's | F66: https://onlineonly.christies.com/s/legendary-trunks-european-private-collection-part-ii/natural-wood-courrier-80-trunk-black-lacquered-iron-hardware-103/263053 | G66: LV0062.png | H66: no | I66: yes | J66: circa 1870 | K66: 5 | L66: 5 | M66: 5 | N66: 5 | O66: 1 | P66: 1 | Q66: 2 | R66: 5 | S66: =IF(K66="","",(K66-1)/4) -> 1 | T66: =IF(L66="","",(L66-1)/4) -> 1 | U66: =IF(M66="","",(M66-1)/4) -> 1 | V66: =IF(N66="","",(N66-1)/4) -> 1 | W66: =IF(O66="","",(O66-1)/4) -> 0 | X66: =IF(P66="","",(P66-1)/4) -> 0 | Y66: =IF(Q66="","",(Q66-1)/4) -> 0.25 | Z66: =IF(R66="","",(R66-1)/4) -> 1 | AA66: =IF(AND(S66<>"",C66<=1949,I66="yes"),S66,"") -> 1 | AB66: =IF(AND(T66<>"",C66<=1949,I66="yes"),T66,"") -> 1 | AC66: =IF(AND(U66<>"",C66<=1949,I66="yes"),U66,"") -> 1 | AD66: =IF(AND(V66<>"",C66<=1949,I66="yes"),V66,"") -> 1 | AE66: =IF(AND(W66<>"",C66<=1949,I66="yes"),W66,"") -> 0 | AF66: =IF(AND(X66<>"",C66<=1949,I66="yes"),X66,"") -> 0 | AG66: =IF(AND(Y66<>"",C66<=1949,I66="yes"),Y66,"") -> 0.25 | AH66: =IF(AND(Z66<>"",C66<=1949,I66="yes"),Z66,"") -> 1 | AI66: =IF(OR(S66="",'4_BENCHMARK'!$C$4=""),"",ABS(S66-'4_BENCHMARK'!$C$4)) -> 0 | AJ66: =IF(OR(T66="",'4_BENCHMARK'!$C$5=""),"",ABS(T66-'4_BENCHMARK'!$C$5)) -> 0 | AK66: =IF(OR(U66="",'4_BENCHMARK'!$C$6=""),"",ABS(U66-'4_BENCHMARK'!$C$6)) -> 0 | AL66: =IF(OR(V66="",'4_BENCHMARK'!$C$7=""),"",ABS(V66-'4_BENCHMARK'!$C$7)) -> 0 | AM66: =IF(OR(W66="",'4_BENCHMARK'!$C$8=""),"",ABS(W66-'4_BENCHMARK'!$C$8)) -> 0 | AN66: =IF(OR(X66="",'4_BENCHMARK'!$C$9=""),"",ABS(X66-'4_BENCHMARK'!$C$9)) -> 0 | AO66: =IF(OR(Y66="",'4_BENCHMARK'!$C$10=""),"",ABS(Y66-'4_BENCHMARK'!$C$10)) -> 0.25 | AP66: =IF(OR(Z66="",'4_BENCHMARK'!$C$11=""),"",ABS(Z66-'4_BENCHMARK'!$C$11)) -> 0 | AQ66: =IF(COUNT(AI66:AP66)<8,"",1-AVERAGE(AI66:AP66)) -> 0.96875 | AS66: trunk | AT66: =IF(COUNT(AI66:AL66,AO66:AP66)<6,"",1-AVERAGE(AI66:AL66,AO66:AP66)) -> 0.95833333 | AU66: =IF(AND($I66="yes",$C66<=1949,K66<>""),K66,"") -> 5 | AV66: =IF(AND($I66="yes",$C66<=1949,L66<>""),L66,"") -> 5 | AW66: =IF(AND($I66="yes",$C66<=1949,M66<>""),M66,"") -> 5 | AX66: =IF(AND($I66="yes",$C66<=1949,N66<>""),N66,"") -> 5 | AY66: =IF(AND($I66="yes",$C66<=1949,O66<>""),O66,"") -> 1 | AZ66: =IF(AND($I66="yes",$C66<=1949,P66<>""),P66,"") -> 1 | BA66: =IF(AND($I66="yes",$C66<=1949,Q66<>""),Q66,"") -> 2 | BB66: =IF(AND($I66="yes",$C66<=1949,R66<>""),R66,"") -> 5 | BC66: =IF(AND($I66="yes",$C66>=2000,K66<>""),K66,"") | BD66: =IF(AND($I66="yes",$C66>=2000,L66<>""),L66,"") | BE66: =IF(AND($I66="yes",$C66>=2000,M66<>""),M66,"") | BF66: =IF(AND($I66="yes",$C66>=2000,N66<>""),N66,"") | BG66: =IF(AND($I66="yes",$C66>=2000,O66<>""),O66,"") | BH66: =IF(AND($I66="yes",$C66>=2000,P66<>""),P66,"") | BI66: =IF(AND($I66="yes",$C66>=2000,Q66<>""),Q66,"") | BJ66: =IF(AND($I66="yes",$C66>=2000,R66<>""),R66,"")
A67: 63 | B67: A SHINY BROWN POROSUS CROCODILE TOILETRY KIT TRUNK WITH BRASS HARDWARE | C67: 1931 | D67: =IF(C67="","",FLOOR(C67,10)) -> 1930 | E67: Christie's | F67: https://onlineonly.christies.com/s/legendary-trunks-european-private-collection/shiny-brown-porosus-crocodile-toiletry-kit-trunk-brass-hardware-92/227416 | G67: LV0063.png | H67: no | I67: yes | K67: 4 | L67: 5 | M67: 5 | N67: 5 | O67: 1 | P67: 1 | Q67: 2 | R67: 4 | S67: =IF(K67="","",(K67-1)/4) -> 0.75 | T67: =IF(L67="","",(L67-1)/4) -> 1 | U67: =IF(M67="","",(M67-1)/4) -> 1 | V67: =IF(N67="","",(N67-1)/4) -> 1 | W67: =IF(O67="","",(O67-1)/4) -> 0 | X67: =IF(P67="","",(P67-1)/4) -> 0 | Y67: =IF(Q67="","",(Q67-1)/4) -> 0.25 | Z67: =IF(R67="","",(R67-1)/4) -> 0.75 | AA67: =IF(AND(S67<>"",C67<=1949,I67="yes"),S67,"") -> 0.75 | AB67: =IF(AND(T67<>"",C67<=1949,I67="yes"),T67,"") -> 1 | AC67: =IF(AND(U67<>"",C67<=1949,I67="yes"),U67,"") -> 1 | AD67: =IF(AND(V67<>"",C67<=1949,I67="yes"),V67,"") -> 1 | AE67: =IF(AND(W67<>"",C67<=1949,I67="yes"),W67,"") -> 0 | AF67: =IF(AND(X67<>"",C67<=1949,I67="yes"),X67,"") -> 0 | AG67: =IF(AND(Y67<>"",C67<=1949,I67="yes"),Y67,"") -> 0.25 | AH67: =IF(AND(Z67<>"",C67<=1949,I67="yes"),Z67,"") -> 0.75 | AI67: =IF(OR(S67="",'4_BENCHMARK'!$C$4=""),"",ABS(S67-'4_BENCHMARK'!$C$4)) -> 0.25 | AJ67: =IF(OR(T67="",'4_BENCHMARK'!$C$5=""),"",ABS(T67-'4_BENCHMARK'!$C$5)) -> 0 | AK67: =IF(OR(U67="",'4_BENCHMARK'!$C$6=""),"",ABS(U67-'4_BENCHMARK'!$C$6)) -> 0 | AL67: =IF(OR(V67="",'4_BENCHMARK'!$C$7=""),"",ABS(V67-'4_BENCHMARK'!$C$7)) -> 0 | AM67: =IF(OR(W67="",'4_BENCHMARK'!$C$8=""),"",ABS(W67-'4_BENCHMARK'!$C$8)) -> 0 | AN67: =IF(OR(X67="",'4_BENCHMARK'!$C$9=""),"",ABS(X67-'4_BENCHMARK'!$C$9)) -> 0 | AO67: =IF(OR(Y67="",'4_BENCHMARK'!$C$10=""),"",ABS(Y67-'4_BENCHMARK'!$C$10)) -> 0.25 | AP67: =IF(OR(Z67="",'4_BENCHMARK'!$C$11=""),"",ABS(Z67-'4_BENCHMARK'!$C$11)) -> 0.25 | AQ67: =IF(COUNT(AI67:AP67)<8,"",1-AVERAGE(AI67:AP67)) -> 0.90625 | AS67: suitcase | AT67: =IF(COUNT(AI67:AL67,AO67:AP67)<6,"",1-AVERAGE(AI67:AL67,AO67:AP67)) -> 0.875 | AU67: =IF(AND($I67="yes",$C67<=1949,K67<>""),K67,"") -> 4 | AV67: =IF(AND($I67="yes",$C67<=1949,L67<>""),L67,"") -> 5 | AW67: =IF(AND($I67="yes",$C67<=1949,M67<>""),M67,"") -> 5 | AX67: =IF(AND($I67="yes",$C67<=1949,N67<>""),N67,"") -> 5 | AY67: =IF(AND($I67="yes",$C67<=1949,O67<>""),O67,"") -> 1 | AZ67: =IF(AND($I67="yes",$C67<=1949,P67<>""),P67,"") -> 1 | BA67: =IF(AND($I67="yes",$C67<=1949,Q67<>""),Q67,"") -> 2 | BB67: =IF(AND($I67="yes",$C67<=1949,R67<>""),R67,"") -> 4 | BC67: =IF(AND($I67="yes",$C67>=2000,K67<>""),K67,"") | BD67: =IF(AND($I67="yes",$C67>=2000,L67<>""),L67,"") | BE67: =IF(AND($I67="yes",$C67>=2000,M67<>""),M67,"") | BF67: =IF(AND($I67="yes",$C67>=2000,N67<>""),N67,"") | BG67: =IF(AND($I67="yes",$C67>=2000,O67<>""),O67,"") | BH67: =IF(AND($I67="yes",$C67>=2000,P67<>""),P67,"") | BI67: =IF(AND($I67="yes",$C67>=2000,Q67<>""),Q67,"") | BJ67: =IF(AND($I67="yes",$C67>=2000,R67<>""),R67,"")
A68: 64 | B68: A NATURAL COWHIDE LEATHER IDEAL TRUNK WITH BRASS HARDWARE | C68: 1916 | D68: =IF(C68="","",FLOOR(C68,10)) -> 1910 | E68: Christie's | F68: https://onlineonly.christies.com/s/legendary-trunks-european-private-collection/natural-cowhide-leather-ideal-trunk-brass-hardware-8/227548 | G68: LV0064.png | H68: no | I68: yes | K68: 4 | L68: 5 | M68: 5 | N68: 5 | O68: 1 | P68: 1 | Q68: 2 | R68: 5 | S68: =IF(K68="","",(K68-1)/4) -> 0.75 | T68: =IF(L68="","",(L68-1)/4) -> 1 | U68: =IF(M68="","",(M68-1)/4) -> 1 | V68: =IF(N68="","",(N68-1)/4) -> 1 | W68: =IF(O68="","",(O68-1)/4) -> 0 | X68: =IF(P68="","",(P68-1)/4) -> 0 | Y68: =IF(Q68="","",(Q68-1)/4) -> 0.25 | Z68: =IF(R68="","",(R68-1)/4) -> 1 | AA68: =IF(AND(S68<>"",C68<=1949,I68="yes"),S68,"") -> 0.75 | AB68: =IF(AND(T68<>"",C68<=1949,I68="yes"),T68,"") -> 1 | AC68: =IF(AND(U68<>"",C68<=1949,I68="yes"),U68,"") -> 1 | AD68: =IF(AND(V68<>"",C68<=1949,I68="yes"),V68,"") -> 1 | AE68: =IF(AND(W68<>"",C68<=1949,I68="yes"),W68,"") -> 0 | AF68: =IF(AND(X68<>"",C68<=1949,I68="yes"),X68,"") -> 0 | AG68: =IF(AND(Y68<>"",C68<=1949,I68="yes"),Y68,"") -> 0.25 | AH68: =IF(AND(Z68<>"",C68<=1949,I68="yes"),Z68,"") -> 1 | AI68: =IF(OR(S68="",'4_BENCHMARK'!$C$4=""),"",ABS(S68-'4_BENCHMARK'!$C$4)) -> 0.25 | AJ68: =IF(OR(T68="",'4_BENCHMARK'!$C$5=""),"",ABS(T68-'4_BENCHMARK'!$C$5)) -> 0 | AK68: =IF(OR(U68="",'4_BENCHMARK'!$C$6=""),"",ABS(U68-'4_BENCHMARK'!$C$6)) -> 0 | AL68: =IF(OR(V68="",'4_BENCHMARK'!$C$7=""),"",ABS(V68-'4_BENCHMARK'!$C$7)) -> 0 | AM68: =IF(OR(W68="",'4_BENCHMARK'!$C$8=""),"",ABS(W68-'4_BENCHMARK'!$C$8)) -> 0 | AN68: =IF(OR(X68="",'4_BENCHMARK'!$C$9=""),"",ABS(X68-'4_BENCHMARK'!$C$9)) -> 0 | AO68: =IF(OR(Y68="",'4_BENCHMARK'!$C$10=""),"",ABS(Y68-'4_BENCHMARK'!$C$10)) -> 0.25 | AP68: =IF(OR(Z68="",'4_BENCHMARK'!$C$11=""),"",ABS(Z68-'4_BENCHMARK'!$C$11)) -> 0 | AQ68: =IF(COUNT(AI68:AP68)<8,"",1-AVERAGE(AI68:AP68)) -> 0.9375 | AS68: trunk | AT68: =IF(COUNT(AI68:AL68,AO68:AP68)<6,"",1-AVERAGE(AI68:AL68,AO68:AP68)) -> 0.91666667 | AU68: =IF(AND($I68="yes",$C68<=1949,K68<>""),K68,"") -> 4 | AV68: =IF(AND($I68="yes",$C68<=1949,L68<>""),L68,"") -> 5 | AW68: =IF(AND($I68="yes",$C68<=1949,M68<>""),M68,"") -> 5 | AX68: =IF(AND($I68="yes",$C68<=1949,N68<>""),N68,"") -> 5 | AY68: =IF(AND($I68="yes",$C68<=1949,O68<>""),O68,"") -> 1 | AZ68: =IF(AND($I68="yes",$C68<=1949,P68<>""),P68,"") -> 1 | BA68: =IF(AND($I68="yes",$C68<=1949,Q68<>""),Q68,"") -> 2 | BB68: =IF(AND($I68="yes",$C68<=1949,R68<>""),R68,"") -> 5 | BC68: =IF(AND($I68="yes",$C68>=2000,K68<>""),K68,"") | BD68: =IF(AND($I68="yes",$C68>=2000,L68<>""),L68,"") | BE68: =IF(AND($I68="yes",$C68>=2000,M68<>""),M68,"") | BF68: =IF(AND($I68="yes",$C68>=2000,N68<>""),N68,"") | BG68: =IF(AND($I68="yes",$C68>=2000,O68<>""),O68,"") | BH68: =IF(AND($I68="yes",$C68>=2000,P68<>""),P68,"") | BI68: =IF(AND($I68="yes",$C68>=2000,Q68<>""),Q68,"") | BJ68: =IF(AND($I68="yes",$C68>=2000,R68<>""),R68,"")
A69: 65 | B69: A MONOGRAM FABRIC CANVAS MEN'S LOW 90 TRUNK WITH BLACK LACQUERED IRON & BRASS HARDWARE | C69: 1908 | D69: =IF(C69="","",FLOOR(C69,10)) -> 1900 | E69: Christie's | F69: https://onlineonly.christies.com/s/legendary-trunks-european-private-collection-part-ii/monogram-fabric-canvas-mens-low-90-trunk-black-lacquered-iron-brass-4/262953 | G69: LV0065.png | H69: no | I69: yes | K69: 5 | L69: 5 | M69: 5 | N69: 5 | O69: 5 | P69: 5 | Q69: 3 | R69: 5 | S69: =IF(K69="","",(K69-1)/4) -> 1 | T69: =IF(L69="","",(L69-1)/4) -> 1 | U69: =IF(M69="","",(M69-1)/4) -> 1 | V69: =IF(N69="","",(N69-1)/4) -> 1 | W69: =IF(O69="","",(O69-1)/4) -> 1 | X69: =IF(P69="","",(P69-1)/4) -> 1 | Y69: =IF(Q69="","",(Q69-1)/4) -> 0.5 | Z69: =IF(R69="","",(R69-1)/4) -> 1 | AA69: =IF(AND(S69<>"",C69<=1949,I69="yes"),S69,"") -> 1 | AB69: =IF(AND(T69<>"",C69<=1949,I69="yes"),T69,"") -> 1 | AC69: =IF(AND(U69<>"",C69<=1949,I69="yes"),U69,"") -> 1 | AD69: =IF(AND(V69<>"",C69<=1949,I69="yes"),V69,"") -> 1 | AE69: =IF(AND(W69<>"",C69<=1949,I69="yes"),W69,"") -> 1 | AF69: =IF(AND(X69<>"",C69<=1949,I69="yes"),X69,"") -> 1 | AG69: =IF(AND(Y69<>"",C69<=1949,I69="yes"),Y69,"") -> 0.5 | AH69: =IF(AND(Z69<>"",C69<=1949,I69="yes"),Z69,"") -> 1 | AI69: =IF(OR(S69="",'4_BENCHMARK'!$C$4=""),"",ABS(S69-'4_BENCHMARK'!$C$4)) -> 0 | AJ69: =IF(OR(T69="",'4_BENCHMARK'!$C$5=""),"",ABS(T69-'4_BENCHMARK'!$C$5)) -> 0 | AK69: =IF(OR(U69="",'4_BENCHMARK'!$C$6=""),"",ABS(U69-'4_BENCHMARK'!$C$6)) -> 0 | AL69: =IF(OR(V69="",'4_BENCHMARK'!$C$7=""),"",ABS(V69-'4_BENCHMARK'!$C$7)) -> 0 | AM69: =IF(OR(W69="",'4_BENCHMARK'!$C$8=""),"",ABS(W69-'4_BENCHMARK'!$C$8)) -> 1 | AN69: =IF(OR(X69="",'4_BENCHMARK'!$C$9=""),"",ABS(X69-'4_BENCHMARK'!$C$9)) -> 1 | AO69: =IF(OR(Y69="",'4_BENCHMARK'!$C$10=""),"",ABS(Y69-'4_BENCHMARK'!$C$10)) -> 0 | AP69: =IF(OR(Z69="",'4_BENCHMARK'!$C$11=""),"",ABS(Z69-'4_BENCHMARK'!$C$11)) -> 0 | AQ69: =IF(COUNT(AI69:AP69)<8,"",1-AVERAGE(AI69:AP69)) -> 0.75 | AS69: trunk | AT69: =IF(COUNT(AI69:AL69,AO69:AP69)<6,"",1-AVERAGE(AI69:AL69,AO69:AP69)) -> 1 | AU69: =IF(AND($I69="yes",$C69<=1949,K69<>""),K69,"") -> 5 | AV69: =IF(AND($I69="yes",$C69<=1949,L69<>""),L69,"") -> 5 | AW69: =IF(AND($I69="yes",$C69<=1949,M69<>""),M69,"") -> 5 | AX69: =IF(AND($I69="yes",$C69<=1949,N69<>""),N69,"") -> 5 | AY69: =IF(AND($I69="yes",$C69<=1949,O69<>""),O69,"") -> 5 | AZ69: =IF(AND($I69="yes",$C69<=1949,P69<>""),P69,"") -> 5 | BA69: =IF(AND($I69="yes",$C69<=1949,Q69<>""),Q69,"") -> 3 | BB69: =IF(AND($I69="yes",$C69<=1949,R69<>""),R69,"") -> 5 | BC69: =IF(AND($I69="yes",$C69>=2000,K69<>""),K69,"") | BD69: =IF(AND($I69="yes",$C69>=2000,L69<>""),L69,"") | BE69: =IF(AND($I69="yes",$C69>=2000,M69<>""),M69,"") | BF69: =IF(AND($I69="yes",$C69>=2000,N69<>""),N69,"") | BG69: =IF(AND($I69="yes",$C69>=2000,O69<>""),O69,"") | BH69: =IF(AND($I69="yes",$C69>=2000,P69<>""),P69,"") | BI69: =IF(AND($I69="yes",$C69>=2000,Q69<>""),Q69,"") | BJ69: =IF(AND($I69="yes",$C69>=2000,R69<>""),R69,"")
A70: 66 | B70: A GRIS TRIANON COATED CANVAS LOW TRUNK WITH BLACK LACQUERED IRON HARDWARE | C70: 1886 | D70: =IF(C70="","",FLOOR(C70,10)) -> 1880 | E70: Christie's | F70: https://onlineonly.christies.com/s/legendary-trunks-european-private-collection-part-ii/gris-trianon-coated-canvas-low-trunk-black-lacquered-iron-hardware-85/263033 | G70: LV0066.png | H70: no | I70: yes | K70: 5 | L70: 5 | M70: 5 | N70: 5 | O70: 1 | P70: 1 | Q70: 3 | R70: 5 | S70: =IF(K70="","",(K70-1)/4) -> 1 | T70: =IF(L70="","",(L70-1)/4) -> 1 | U70: =IF(M70="","",(M70-1)/4) -> 1 | V70: =IF(N70="","",(N70-1)/4) -> 1 | W70: =IF(O70="","",(O70-1)/4) -> 0 | X70: =IF(P70="","",(P70-1)/4) -> 0 | Y70: =IF(Q70="","",(Q70-1)/4) -> 0.5 | Z70: =IF(R70="","",(R70-1)/4) -> 1 | AA70: =IF(AND(S70<>"",C70<=1949,I70="yes"),S70,"") -> 1 | AB70: =IF(AND(T70<>"",C70<=1949,I70="yes"),T70,"") -> 1 | AC70: =IF(AND(U70<>"",C70<=1949,I70="yes"),U70,"") -> 1 | AD70: =IF(AND(V70<>"",C70<=1949,I70="yes"),V70,"") -> 1 | AE70: =IF(AND(W70<>"",C70<=1949,I70="yes"),W70,"") -> 0 | AF70: =IF(AND(X70<>"",C70<=1949,I70="yes"),X70,"") -> 0 | AG70: =IF(AND(Y70<>"",C70<=1949,I70="yes"),Y70,"") -> 0.5 | AH70: =IF(AND(Z70<>"",C70<=1949,I70="yes"),Z70,"") -> 1 | AI70: =IF(OR(S70="",'4_BENCHMARK'!$C$4=""),"",ABS(S70-'4_BENCHMARK'!$C$4)) -> 0 | AJ70: =IF(OR(T70="",'4_BENCHMARK'!$C$5=""),"",ABS(T70-'4_BENCHMARK'!$C$5)) -> 0 | AK70: =IF(OR(U70="",'4_BENCHMARK'!$C$6=""),"",ABS(U70-'4_BENCHMARK'!$C$6)) -> 0 | AL70: =IF(OR(V70="",'4_BENCHMARK'!$C$7=""),"",ABS(V70-'4_BENCHMARK'!$C$7)) -> 0 | AM70: =IF(OR(W70="",'4_BENCHMARK'!$C$8=""),"",ABS(W70-'4_BENCHMARK'!$C$8)) -> 0 | AN70: =IF(OR(X70="",'4_BENCHMARK'!$C$9=""),"",ABS(X70-'4_BENCHMARK'!$C$9)) -> 0 | AO70: =IF(OR(Y70="",'4_BENCHMARK'!$C$10=""),"",ABS(Y70-'4_BENCHMARK'!$C$10)) -> 0 | AP70: =IF(OR(Z70="",'4_BENCHMARK'!$C$11=""),"",ABS(Z70-'4_BENCHMARK'!$C$11)) -> 0 | AQ70: =IF(COUNT(AI70:AP70)<8,"",1-AVERAGE(AI70:AP70)) -> 1 | AS70: trunk | AT70: =IF(COUNT(AI70:AL70,AO70:AP70)<6,"",1-AVERAGE(AI70:AL70,AO70:AP70)) -> 1 | AU70: =IF(AND($I70="yes",$C70<=1949,K70<>""),K70,"") -> 5 | AV70: =IF(AND($I70="yes",$C70<=1949,L70<>""),L70,"") -> 5 | AW70: =IF(AND($I70="yes",$C70<=1949,M70<>""),M70,"") -> 5 | AX70: =IF(AND($I70="yes",$C70<=1949,N70<>""),N70,"") -> 5 | AY70: =IF(AND($I70="yes",$C70<=1949,O70<>""),O70,"") -> 1 | AZ70: =IF(AND($I70="yes",$C70<=1949,P70<>""),P70,"") -> 1 | BA70: =IF(AND($I70="yes",$C70<=1949,Q70<>""),Q70,"") -> 3 | BB70: =IF(AND($I70="yes",$C70<=1949,R70<>""),R70,"") -> 5 | BC70: =IF(AND($I70="yes",$C70>=2000,K70<>""),K70,"") | BD70: =IF(AND($I70="yes",$C70>=2000,L70<>""),L70,"") | BE70: =IF(AND($I70="yes",$C70>=2000,M70<>""),M70,"") | BF70: =IF(AND($I70="yes",$C70>=2000,N70<>""),N70,"") | BG70: =IF(AND($I70="yes",$C70>=2000,O70<>""),O70,"") | BH70: =IF(AND($I70="yes",$C70>=2000,P70<>""),P70,"") | BI70: =IF(AND($I70="yes",$C70>=2000,Q70<>""),Q70,"") | BJ70: =IF(AND($I70="yes",$C70>=2000,R70<>""),R70,"")
A71: 67 | B71: A LIMITED EDITION CLASSIC MONOGRAM CANVAS POOCH BAG WITH GOLD HARDWARE BY PHARRELL WILLIAMS | C71: 2024 | D71: =IF(C71="","",FLOOR(C71,10)) -> 2020 | E71: Christie's | F71: https://onlineonly.christies.com/s/handbags-online-new-york-edit/limited-edition-classic-monogram-canvas-pooch-bag-gold-hardware-251/284551 | G71: LV0067.png | H71: yes | I71: yes | K71: 3 | L71: 2 | M71: 1 | N71: 4 | O71: 5 | P71: 5 | Q71: 2 | R71: 3 | S71: =IF(K71="","",(K71-1)/4) -> 0.5 | T71: =IF(L71="","",(L71-1)/4) -> 0.25 | U71: =IF(M71="","",(M71-1)/4) -> 0 | V71: =IF(N71="","",(N71-1)/4) -> 0.75 | W71: =IF(O71="","",(O71-1)/4) -> 1 | X71: =IF(P71="","",(P71-1)/4) -> 1 | Y71: =IF(Q71="","",(Q71-1)/4) -> 0.25 | Z71: =IF(R71="","",(R71-1)/4) -> 0.5 | AA71: =IF(AND(S71<>"",C71<=1949,I71="yes"),S71,"") | AB71: =IF(AND(T71<>"",C71<=1949,I71="yes"),T71,"") | AC71: =IF(AND(U71<>"",C71<=1949,I71="yes"),U71,"") | AD71: =IF(AND(V71<>"",C71<=1949,I71="yes"),V71,"") | AE71: =IF(AND(W71<>"",C71<=1949,I71="yes"),W71,"") | AF71: =IF(AND(X71<>"",C71<=1949,I71="yes"),X71,"") | AG71: =IF(AND(Y71<>"",C71<=1949,I71="yes"),Y71,"") | AH71: =IF(AND(Z71<>"",C71<=1949,I71="yes"),Z71,"") | AI71: =IF(OR(S71="",'4_BENCHMARK'!$C$4=""),"",ABS(S71-'4_BENCHMARK'!$C$4)) -> 0.5 | AJ71: =IF(OR(T71="",'4_BENCHMARK'!$C$5=""),"",ABS(T71-'4_BENCHMARK'!$C$5)) -> 0.75 | AK71: =IF(OR(U71="",'4_BENCHMARK'!$C$6=""),"",ABS(U71-'4_BENCHMARK'!$C$6)) -> 1 | AL71: =IF(OR(V71="",'4_BENCHMARK'!$C$7=""),"",ABS(V71-'4_BENCHMARK'!$C$7)) -> 0.25 | AM71: =IF(OR(W71="",'4_BENCHMARK'!$C$8=""),"",ABS(W71-'4_BENCHMARK'!$C$8)) -> 1 | AN71: =IF(OR(X71="",'4_BENCHMARK'!$C$9=""),"",ABS(X71-'4_BENCHMARK'!$C$9)) -> 1 | AO71: =IF(OR(Y71="",'4_BENCHMARK'!$C$10=""),"",ABS(Y71-'4_BENCHMARK'!$C$10)) -> 0.25 | AP71: =IF(OR(Z71="",'4_BENCHMARK'!$C$11=""),"",ABS(Z71-'4_BENCHMARK'!$C$11)) -> 0.5 | AQ71: =IF(COUNT(AI71:AP71)<8,"",1-AVERAGE(AI71:AP71)) -> 0.34375 | AS71: bag | AT71: =IF(COUNT(AI71:AL71,AO71:AP71)<6,"",1-AVERAGE(AI71:AL71,AO71:AP71)) -> 0.45833333 | AU71: =IF(AND($I71="yes",$C71<=1949,K71<>""),K71,"") | AV71: =IF(AND($I71="yes",$C71<=1949,L71<>""),L71,"") | AW71: =IF(AND($I71="yes",$C71<=1949,M71<>""),M71,"") | AX71: =IF(AND($I71="yes",$C71<=1949,N71<>""),N71,"") | AY71: =IF(AND($I71="yes",$C71<=1949,O71<>""),O71,"") | AZ71: =IF(AND($I71="yes",$C71<=1949,P71<>""),P71,"") | BA71: =IF(AND($I71="yes",$C71<=1949,Q71<>""),Q71,"") | BB71: =IF(AND($I71="yes",$C71<=1949,R71<>""),R71,"") | BC71: =IF(AND($I71="yes",$C71>=2000,K71<>""),K71,"") -> 3 | BD71: =IF(AND($I71="yes",$C71>=2000,L71<>""),L71,"") -> 2 | BE71: =IF(AND($I71="yes",$C71>=2000,M71<>""),M71,"") -> 1 | BF71: =IF(AND($I71="yes",$C71>=2000,N71<>""),N71,"") -> 4 | BG71: =IF(AND($I71="yes",$C71>=2000,O71<>""),O71,"") -> 5 | BH71: =IF(AND($I71="yes",$C71>=2000,P71<>""),P71,"") -> 5 | BI71: =IF(AND($I71="yes",$C71>=2000,Q71<>""),Q71,"") -> 2 | BJ71: =IF(AND($I71="yes",$C71>=2000,R71<>""),R71,"") -> 3
A72: 68 | B72: A NATURAL COWHIDE LEATHER WARDROBE TRUNK WITH BRASS HARDWARE | C72: 1911 | D72: =IF(C72="","",FLOOR(C72,10)) -> 1910 | E72: Christie's | F72: https://onlineonly.christies.com/s/legendary-trunks-european-private-collection/natural-cowhide-leather-wardrobe-trunk-brass-hardware-24/227562 | G72: LV0068.png | H72: no | I72: yes | K72: 5 | L72: 5 | M72: 5 | N72: 4 | O72: 1 | P72: 1 | Q72: 2 | R72: 5 | S72: =IF(K72="","",(K72-1)/4) -> 1 | T72: =IF(L72="","",(L72-1)/4) -> 1 | U72: =IF(M72="","",(M72-1)/4) -> 1 | V72: =IF(N72="","",(N72-1)/4) -> 0.75 | W72: =IF(O72="","",(O72-1)/4) -> 0 | X72: =IF(P72="","",(P72-1)/4) -> 0 | Y72: =IF(Q72="","",(Q72-1)/4) -> 0.25 | Z72: =IF(R72="","",(R72-1)/4) -> 1 | AA72: =IF(AND(S72<>"",C72<=1949,I72="yes"),S72,"") -> 1 | AB72: =IF(AND(T72<>"",C72<=1949,I72="yes"),T72,"") -> 1 | AC72: =IF(AND(U72<>"",C72<=1949,I72="yes"),U72,"") -> 1 | AD72: =IF(AND(V72<>"",C72<=1949,I72="yes"),V72,"") -> 0.75 | AE72: =IF(AND(W72<>"",C72<=1949,I72="yes"),W72,"") -> 0 | AF72: =IF(AND(X72<>"",C72<=1949,I72="yes"),X72,"") -> 0 | AG72: =IF(AND(Y72<>"",C72<=1949,I72="yes"),Y72,"") -> 0.25 | AH72: =IF(AND(Z72<>"",C72<=1949,I72="yes"),Z72,"") -> 1 | AI72: =IF(OR(S72="",'4_BENCHMARK'!$C$4=""),"",ABS(S72-'4_BENCHMARK'!$C$4)) -> 0 | AJ72: =IF(OR(T72="",'4_BENCHMARK'!$C$5=""),"",ABS(T72-'4_BENCHMARK'!$C$5)) -> 0 | AK72: =IF(OR(U72="",'4_BENCHMARK'!$C$6=""),"",ABS(U72-'4_BENCHMARK'!$C$6)) -> 0 | AL72: =IF(OR(V72="",'4_BENCHMARK'!$C$7=""),"",ABS(V72-'4_BENCHMARK'!$C$7)) -> 0.25 | AM72: =IF(OR(W72="",'4_BENCHMARK'!$C$8=""),"",ABS(W72-'4_BENCHMARK'!$C$8)) -> 0 | AN72: =IF(OR(X72="",'4_BENCHMARK'!$C$9=""),"",ABS(X72-'4_BENCHMARK'!$C$9)) -> 0 | AO72: =IF(OR(Y72="",'4_BENCHMARK'!$C$10=""),"",ABS(Y72-'4_BENCHMARK'!$C$10)) -> 0.25 | AP72: =IF(OR(Z72="",'4_BENCHMARK'!$C$11=""),"",ABS(Z72-'4_BENCHMARK'!$C$11)) -> 0 | AQ72: =IF(COUNT(AI72:AP72)<8,"",1-AVERAGE(AI72:AP72)) -> 0.9375 | AS72: trunk | AT72: =IF(COUNT(AI72:AL72,AO72:AP72)<6,"",1-AVERAGE(AI72:AL72,AO72:AP72)) -> 0.91666667 | AU72: =IF(AND($I72="yes",$C72<=1949,K72<>""),K72,"") -> 5 | AV72: =IF(AND($I72="yes",$C72<=1949,L72<>""),L72,"") -> 5 | AW72: =IF(AND($I72="yes",$C72<=1949,M72<>""),M72,"") -> 5 | AX72: =IF(AND($I72="yes",$C72<=1949,N72<>""),N72,"") -> 4 | AY72: =IF(AND($I72="yes",$C72<=1949,O72<>""),O72,"") -> 1 | AZ72: =IF(AND($I72="yes",$C72<=1949,P72<>""),P72,"") -> 1 | BA72: =IF(AND($I72="yes",$C72<=1949,Q72<>""),Q72,"") -> 2 | BB72: =IF(AND($I72="yes",$C72<=1949,R72<>""),R72,"") -> 5 | BC72: =IF(AND($I72="yes",$C72>=2000,K72<>""),K72,"") | BD72: =IF(AND($I72="yes",$C72>=2000,L72<>""),L72,"") | BE72: =IF(AND($I72="yes",$C72>=2000,M72<>""),M72,"") | BF72: =IF(AND($I72="yes",$C72>=2000,N72<>""),N72,"") | BG72: =IF(AND($I72="yes",$C72>=2000,O72<>""),O72,"") | BH72: =IF(AND($I72="yes",$C72>=2000,P72<>""),P72,"") | BI72: =IF(AND($I72="yes",$C72>=2000,Q72<>""),Q72,"") | BJ72: =IF(AND($I72="yes",$C72>=2000,R72<>""),R72,"")
A73: 69 | B73: A LIMITED EDITION BROWN CALFSKIN SATCHEL WITH GOLD HARDWARE | C73: 2009 | D73: =IF(C73="","",FLOOR(C73,10)) -> 2000 | E73: Christie's | F73: https://onlineonly.christies.com/s/handbags-online-paris-edit/limited-edition-brown-calfskin-satchel-gold-hardware-219/314188 | G73: LV0069.png | H73: yes | I73: yes | K73: 3 | L73: 4 | M73: 4 | N73: 4 | O73: 1 | P73: 1 | Q73: 3 | R73: 4 | S73: =IF(K73="","",(K73-1)/4) -> 0.5 | T73: =IF(L73="","",(L73-1)/4) -> 0.75 | U73: =IF(M73="","",(M73-1)/4) -> 0.75 | V73: =IF(N73="","",(N73-1)/4) -> 0.75 | W73: =IF(O73="","",(O73-1)/4) -> 0 | X73: =IF(P73="","",(P73-1)/4) -> 0 | Y73: =IF(Q73="","",(Q73-1)/4) -> 0.5 | Z73: =IF(R73="","",(R73-1)/4) -> 0.75 | AA73: =IF(AND(S73<>"",C73<=1949,I73="yes"),S73,"") | AB73: =IF(AND(T73<>"",C73<=1949,I73="yes"),T73,"") | AC73: =IF(AND(U73<>"",C73<=1949,I73="yes"),U73,"") | AD73: =IF(AND(V73<>"",C73<=1949,I73="yes"),V73,"") | AE73: =IF(AND(W73<>"",C73<=1949,I73="yes"),W73,"") | AF73: =IF(AND(X73<>"",C73<=1949,I73="yes"),X73,"") | AG73: =IF(AND(Y73<>"",C73<=1949,I73="yes"),Y73,"") | AH73: =IF(AND(Z73<>"",C73<=1949,I73="yes"),Z73,"") | AI73: =IF(OR(S73="",'4_BENCHMARK'!$C$4=""),"",ABS(S73-'4_BENCHMARK'!$C$4)) -> 0.5 | AJ73: =IF(OR(T73="",'4_BENCHMARK'!$C$5=""),"",ABS(T73-'4_BENCHMARK'!$C$5)) -> 0.25 | AK73: =IF(OR(U73="",'4_BENCHMARK'!$C$6=""),"",ABS(U73-'4_BENCHMARK'!$C$6)) -> 0.25 | AL73: =IF(OR(V73="",'4_BENCHMARK'!$C$7=""),"",ABS(V73-'4_BENCHMARK'!$C$7)) -> 0.25 | AM73: =IF(OR(W73="",'4_BENCHMARK'!$C$8=""),"",ABS(W73-'4_BENCHMARK'!$C$8)) -> 0 | AN73: =IF(OR(X73="",'4_BENCHMARK'!$C$9=""),"",ABS(X73-'4_BENCHMARK'!$C$9)) -> 0 | AO73: =IF(OR(Y73="",'4_BENCHMARK'!$C$10=""),"",ABS(Y73-'4_BENCHMARK'!$C$10)) -> 0 | AP73: =IF(OR(Z73="",'4_BENCHMARK'!$C$11=""),"",ABS(Z73-'4_BENCHMARK'!$C$11)) -> 0.25 | AQ73: =IF(COUNT(AI73:AP73)<8,"",1-AVERAGE(AI73:AP73)) -> 0.8125 | AS73: bag | AT73: =IF(COUNT(AI73:AL73,AO73:AP73)<6,"",1-AVERAGE(AI73:AL73,AO73:AP73)) -> 0.75 | AU73: =IF(AND($I73="yes",$C73<=1949,K73<>""),K73,"") | AV73: =IF(AND($I73="yes",$C73<=1949,L73<>""),L73,"") | AW73: =IF(AND($I73="yes",$C73<=1949,M73<>""),M73,"") | AX73: =IF(AND($I73="yes",$C73<=1949,N73<>""),N73,"") | AY73: =IF(AND($I73="yes",$C73<=1949,O73<>""),O73,"") | AZ73: =IF(AND($I73="yes",$C73<=1949,P73<>""),P73,"") | BA73: =IF(AND($I73="yes",$C73<=1949,Q73<>""),Q73,"") | BB73: =IF(AND($I73="yes",$C73<=1949,R73<>""),R73,"") | BC73: =IF(AND($I73="yes",$C73>=2000,K73<>""),K73,"") -> 3 | BD73: =IF(AND($I73="yes",$C73>=2000,L73<>""),L73,"") -> 4 | BE73: =IF(AND($I73="yes",$C73>=2000,M73<>""),M73,"") -> 4 | BF73: =IF(AND($I73="yes",$C73>=2000,N73<>""),N73,"") -> 4 | BG73: =IF(AND($I73="yes",$C73>=2000,O73<>""),O73,"") -> 1 | BH73: =IF(AND($I73="yes",$C73>=2000,P73<>""),P73,"") -> 1 | BI73: =IF(AND($I73="yes",$C73>=2000,Q73<>""),Q73,"") -> 3 | BJ73: =IF(AND($I73="yes",$C73>=2000,R73<>""),R73,"") -> 4
A74: 70 | B74: A DAMIER CANVAS LADY'S HIGH 100 TRUNK WITH BRASS HARDWARE | C74: 1895 | D74: =IF(C74="","",FLOOR(C74,10)) -> 1890 | E74: Christie's | F74: https://onlineonly.christies.com/s/legendary-trunks-european-private-collection/damier-canvas-ladys-high-100-trunk-brass-hardware-27/227352 | G74: LV0070.png | H74: no | I74: yes | K74: 5 | L74: 5 | M74: 5 | N74: 5 | O74: 1 | P74: 1 | Q74: 3 | R74: 5 | S74: =IF(K74="","",(K74-1)/4) -> 1 | T74: =IF(L74="","",(L74-1)/4) -> 1 | U74: =IF(M74="","",(M74-1)/4) -> 1 | V74: =IF(N74="","",(N74-1)/4) -> 1 | W74: =IF(O74="","",(O74-1)/4) -> 0 | X74: =IF(P74="","",(P74-1)/4) -> 0 | Y74: =IF(Q74="","",(Q74-1)/4) -> 0.5 | Z74: =IF(R74="","",(R74-1)/4) -> 1 | AA74: =IF(AND(S74<>"",C74<=1949,I74="yes"),S74,"") -> 1 | AB74: =IF(AND(T74<>"",C74<=1949,I74="yes"),T74,"") -> 1 | AC74: =IF(AND(U74<>"",C74<=1949,I74="yes"),U74,"") -> 1 | AD74: =IF(AND(V74<>"",C74<=1949,I74="yes"),V74,"") -> 1 | AE74: =IF(AND(W74<>"",C74<=1949,I74="yes"),W74,"") -> 0 | AF74: =IF(AND(X74<>"",C74<=1949,I74="yes"),X74,"") -> 0 | AG74: =IF(AND(Y74<>"",C74<=1949,I74="yes"),Y74,"") -> 0.5 | AH74: =IF(AND(Z74<>"",C74<=1949,I74="yes"),Z74,"") -> 1 | AI74: =IF(OR(S74="",'4_BENCHMARK'!$C$4=""),"",ABS(S74-'4_BENCHMARK'!$C$4)) -> 0 | AJ74: =IF(OR(T74="",'4_BENCHMARK'!$C$5=""),"",ABS(T74-'4_BENCHMARK'!$C$5)) -> 0 | AK74: =IF(OR(U74="",'4_BENCHMARK'!$C$6=""),"",ABS(U74-'4_BENCHMARK'!$C$6)) -> 0 | AL74: =IF(OR(V74="",'4_BENCHMARK'!$C$7=""),"",ABS(V74-'4_BENCHMARK'!$C$7)) -> 0 | AM74: =IF(OR(W74="",'4_BENCHMARK'!$C$8=""),"",ABS(W74-'4_BENCHMARK'!$C$8)) -> 0 | AN74: =IF(OR(X74="",'4_BENCHMARK'!$C$9=""),"",ABS(X74-'4_BENCHMARK'!$C$9)) -> 0 | AO74: =IF(OR(Y74="",'4_BENCHMARK'!$C$10=""),"",ABS(Y74-'4_BENCHMARK'!$C$10)) -> 0 | AP74: =IF(OR(Z74="",'4_BENCHMARK'!$C$11=""),"",ABS(Z74-'4_BENCHMARK'!$C$11)) -> 0 | AQ74: =IF(COUNT(AI74:AP74)<8,"",1-AVERAGE(AI74:AP74)) -> 1 | AS74: trunk | AT74: =IF(COUNT(AI74:AL74,AO74:AP74)<6,"",1-AVERAGE(AI74:AL74,AO74:AP74)) -> 1 | AU74: =IF(AND($I74="yes",$C74<=1949,K74<>""),K74,"") -> 5 | AV74: =IF(AND($I74="yes",$C74<=1949,L74<>""),L74,"") -> 5 | AW74: =IF(AND($I74="yes",$C74<=1949,M74<>""),M74,"") -> 5 | AX74: =IF(AND($I74="yes",$C74<=1949,N74<>""),N74,"") -> 5 | AY74: =IF(AND($I74="yes",$C74<=1949,O74<>""),O74,"") -> 1 | AZ74: =IF(AND($I74="yes",$C74<=1949,P74<>""),P74,"") -> 1 | BA74: =IF(AND($I74="yes",$C74<=1949,Q74<>""),Q74,"") -> 3 | BB74: =IF(AND($I74="yes",$C74<=1949,R74<>""),R74,"") -> 5 | BC74: =IF(AND($I74="yes",$C74>=2000,K74<>""),K74,"") | BD74: =IF(AND($I74="yes",$C74>=2000,L74<>""),L74,"") | BE74: =IF(AND($I74="yes",$C74>=2000,M74<>""),M74,"") | BF74: =IF(AND($I74="yes",$C74>=2000,N74<>""),N74,"") | BG74: =IF(AND($I74="yes",$C74>=2000,O74<>""),O74,"") | BH74: =IF(AND($I74="yes",$C74>=2000,P74<>""),P74,"") | BI74: =IF(AND($I74="yes",$C74>=2000,Q74<>""),Q74,"") | BJ74: =IF(AND($I74="yes",$C74>=2000,R74<>""),R74,"")
A75: 71 | B75: AN ORANGE VUITTONITE CANVAS CABIN 110 TRUNK WITH BRASS HARDWARE | C75: 1913 | D75: =IF(C75="","",FLOOR(C75,10)) -> 1910 | E75: Christie's | F75: https://onlineonly.christies.com/s/legendary-trunks-european-private-collection-part-ii/orange-vuittonite-canvas-cabin-110-trunk-brass-hardware-7/262955 | G75: LV0071.png | H75: no | I75: yes | K75: 5 | L75: 5 | M75: 5 | N75: 5 | O75: 1 | P75: 1 | Q75: 2 | R75: 4 | S75: =IF(K75="","",(K75-1)/4) -> 1 | T75: =IF(L75="","",(L75-1)/4) -> 1 | U75: =IF(M75="","",(M75-1)/4) -> 1 | V75: =IF(N75="","",(N75-1)/4) -> 1 | W75: =IF(O75="","",(O75-1)/4) -> 0 | X75: =IF(P75="","",(P75-1)/4) -> 0 | Y75: =IF(Q75="","",(Q75-1)/4) -> 0.25 | Z75: =IF(R75="","",(R75-1)/4) -> 0.75 | AA75: =IF(AND(S75<>"",C75<=1949,I75="yes"),S75,"") -> 1 | AB75: =IF(AND(T75<>"",C75<=1949,I75="yes"),T75,"") -> 1 | AC75: =IF(AND(U75<>"",C75<=1949,I75="yes"),U75,"") -> 1 | AD75: =IF(AND(V75<>"",C75<=1949,I75="yes"),V75,"") -> 1 | AE75: =IF(AND(W75<>"",C75<=1949,I75="yes"),W75,"") -> 0 | AF75: =IF(AND(X75<>"",C75<=1949,I75="yes"),X75,"") -> 0 | AG75: =IF(AND(Y75<>"",C75<=1949,I75="yes"),Y75,"") -> 0.25 | AH75: =IF(AND(Z75<>"",C75<=1949,I75="yes"),Z75,"") -> 0.75 | AI75: =IF(OR(S75="",'4_BENCHMARK'!$C$4=""),"",ABS(S75-'4_BENCHMARK'!$C$4)) -> 0 | AJ75: =IF(OR(T75="",'4_BENCHMARK'!$C$5=""),"",ABS(T75-'4_BENCHMARK'!$C$5)) -> 0 | AK75: =IF(OR(U75="",'4_BENCHMARK'!$C$6=""),"",ABS(U75-'4_BENCHMARK'!$C$6)) -> 0 | AL75: =IF(OR(V75="",'4_BENCHMARK'!$C$7=""),"",ABS(V75-'4_BENCHMARK'!$C$7)) -> 0 | AM75: =IF(OR(W75="",'4_BENCHMARK'!$C$8=""),"",ABS(W75-'4_BENCHMARK'!$C$8)) -> 0 | AN75: =IF(OR(X75="",'4_BENCHMARK'!$C$9=""),"",ABS(X75-'4_BENCHMARK'!$C$9)) -> 0 | AO75: =IF(OR(Y75="",'4_BENCHMARK'!$C$10=""),"",ABS(Y75-'4_BENCHMARK'!$C$10)) -> 0.25 | AP75: =IF(OR(Z75="",'4_BENCHMARK'!$C$11=""),"",ABS(Z75-'4_BENCHMARK'!$C$11)) -> 0.25 | AQ75: =IF(COUNT(AI75:AP75)<8,"",1-AVERAGE(AI75:AP75)) -> 0.9375 | AS75: trunk | AT75: =IF(COUNT(AI75:AL75,AO75:AP75)<6,"",1-AVERAGE(AI75:AL75,AO75:AP75)) -> 0.91666667 | AU75: =IF(AND($I75="yes",$C75<=1949,K75<>""),K75,"") -> 5 | AV75: =IF(AND($I75="yes",$C75<=1949,L75<>""),L75,"") -> 5 | AW75: =IF(AND($I75="yes",$C75<=1949,M75<>""),M75,"") -> 5 | AX75: =IF(AND($I75="yes",$C75<=1949,N75<>""),N75,"") -> 5 | AY75: =IF(AND($I75="yes",$C75<=1949,O75<>""),O75,"") -> 1 | AZ75: =IF(AND($I75="yes",$C75<=1949,P75<>""),P75,"") -> 1 | BA75: =IF(AND($I75="yes",$C75<=1949,Q75<>""),Q75,"") -> 2 | BB75: =IF(AND($I75="yes",$C75<=1949,R75<>""),R75,"") -> 4 | BC75: =IF(AND($I75="yes",$C75>=2000,K75<>""),K75,"") | BD75: =IF(AND($I75="yes",$C75>=2000,L75<>""),L75,"") | BE75: =IF(AND($I75="yes",$C75>=2000,M75<>""),M75,"") | BF75: =IF(AND($I75="yes",$C75>=2000,N75<>""),N75,"") | BG75: =IF(AND($I75="yes",$C75>=2000,O75<>""),O75,"") | BH75: =IF(AND($I75="yes",$C75>=2000,P75<>""),P75,"") | BI75: =IF(AND($I75="yes",$C75>=2000,Q75<>""),Q75,"") | BJ75: =IF(AND($I75="yes",$C75>=2000,R75<>""),R75,"")
A76: 72 | B76: A MONOGRAM CANVAS CABIN 80 TRUNK WITH BRASS HARDWARE | C76: 1907 | D76: =IF(C76="","",FLOOR(C76,10)) -> 1900 | E76: Christie's | F76: https://onlineonly.christies.com/s/legendary-trunks-european-private-collection-part-ii/monogram-canvas-cabin-80-trunk-brass-hardware-18/262966 | G76: LV0072.png | H76: no | I76: yes | K76: 5 | L76: 5 | M76: 5 | N76: 5 | O76: 5 | P76: 5 | Q76: 3 | R76: 5 | S76: =IF(K76="","",(K76-1)/4) -> 1 | T76: =IF(L76="","",(L76-1)/4) -> 1 | U76: =IF(M76="","",(M76-1)/4) -> 1 | V76: =IF(N76="","",(N76-1)/4) -> 1 | W76: =IF(O76="","",(O76-1)/4) -> 1 | X76: =IF(P76="","",(P76-1)/4) -> 1 | Y76: =IF(Q76="","",(Q76-1)/4) -> 0.5 | Z76: =IF(R76="","",(R76-1)/4) -> 1 | AA76: =IF(AND(S76<>"",C76<=1949,I76="yes"),S76,"") -> 1 | AB76: =IF(AND(T76<>"",C76<=1949,I76="yes"),T76,"") -> 1 | AC76: =IF(AND(U76<>"",C76<=1949,I76="yes"),U76,"") -> 1 | AD76: =IF(AND(V76<>"",C76<=1949,I76="yes"),V76,"") -> 1 | AE76: =IF(AND(W76<>"",C76<=1949,I76="yes"),W76,"") -> 1 | AF76: =IF(AND(X76<>"",C76<=1949,I76="yes"),X76,"") -> 1 | AG76: =IF(AND(Y76<>"",C76<=1949,I76="yes"),Y76,"") -> 0.5 | AH76: =IF(AND(Z76<>"",C76<=1949,I76="yes"),Z76,"") -> 1 | AI76: =IF(OR(S76="",'4_BENCHMARK'!$C$4=""),"",ABS(S76-'4_BENCHMARK'!$C$4)) -> 0 | AJ76: =IF(OR(T76="",'4_BENCHMARK'!$C$5=""),"",ABS(T76-'4_BENCHMARK'!$C$5)) -> 0 | AK76: =IF(OR(U76="",'4_BENCHMARK'!$C$6=""),"",ABS(U76-'4_BENCHMARK'!$C$6)) -> 0 | AL76: =IF(OR(V76="",'4_BENCHMARK'!$C$7=""),"",ABS(V76-'4_BENCHMARK'!$C$7)) -> 0 | AM76: =IF(OR(W76="",'4_BENCHMARK'!$C$8=""),"",ABS(W76-'4_BENCHMARK'!$C$8)) -> 1 | AN76: =IF(OR(X76="",'4_BENCHMARK'!$C$9=""),"",ABS(X76-'4_BENCHMARK'!$C$9)) -> 1 | AO76: =IF(OR(Y76="",'4_BENCHMARK'!$C$10=""),"",ABS(Y76-'4_BENCHMARK'!$C$10)) -> 0 | AP76: =IF(OR(Z76="",'4_BENCHMARK'!$C$11=""),"",ABS(Z76-'4_BENCHMARK'!$C$11)) -> 0 | AQ76: =IF(COUNT(AI76:AP76)<8,"",1-AVERAGE(AI76:AP76)) -> 0.75 | AS76: trunk | AT76: =IF(COUNT(AI76:AL76,AO76:AP76)<6,"",1-AVERAGE(AI76:AL76,AO76:AP76)) -> 1 | AU76: =IF(AND($I76="yes",$C76<=1949,K76<>""),K76,"") -> 5 | AV76: =IF(AND($I76="yes",$C76<=1949,L76<>""),L76,"") -> 5 | AW76: =IF(AND($I76="yes",$C76<=1949,M76<>""),M76,"") -> 5 | AX76: =IF(AND($I76="yes",$C76<=1949,N76<>""),N76,"") -> 5 | AY76: =IF(AND($I76="yes",$C76<=1949,O76<>""),O76,"") -> 5 | AZ76: =IF(AND($I76="yes",$C76<=1949,P76<>""),P76,"") -> 5 | BA76: =IF(AND($I76="yes",$C76<=1949,Q76<>""),Q76,"") -> 3 | BB76: =IF(AND($I76="yes",$C76<=1949,R76<>""),R76,"") -> 5 | BC76: =IF(AND($I76="yes",$C76>=2000,K76<>""),K76,"") | BD76: =IF(AND($I76="yes",$C76>=2000,L76<>""),L76,"") | BE76: =IF(AND($I76="yes",$C76>=2000,M76<>""),M76,"") | BF76: =IF(AND($I76="yes",$C76>=2000,N76<>""),N76,"") | BG76: =IF(AND($I76="yes",$C76>=2000,O76<>""),O76,"") | BH76: =IF(AND($I76="yes",$C76>=2000,P76<>""),P76,"") | BI76: =IF(AND($I76="yes",$C76>=2000,Q76<>""),Q76,"") | BJ76: =IF(AND($I76="yes",$C76>=2000,R76<>""),R76,"")
A77: 73 | B77: A BROWN & BEIGE STRIPED CANVAS LOW 110 TRUNK WITH BLACK LACQUERED IRON & BRASS HARDWARE | C77: 1882 | D77: =IF(C77="","",FLOOR(C77,10)) -> 1880 | E77: Christie's | F77: https://onlineonly.christies.com/s/legendary-trunks-european-private-collection-part-ii/brown-beige-striped-canvas-low-110-trunk-black-lacquered-iron-brass-29/262979 | G77: LV0073.png | H77: no | I77: yes | K77: 5 | L77: 5 | M77: 5 | N77: 5 | O77: 1 | P77: 1 | Q77: 3 | R77: 5 | S77: =IF(K77="","",(K77-1)/4) -> 1 | T77: =IF(L77="","",(L77-1)/4) -> 1 | U77: =IF(M77="","",(M77-1)/4) -> 1 | V77: =IF(N77="","",(N77-1)/4) -> 1 | W77: =IF(O77="","",(O77-1)/4) -> 0 | X77: =IF(P77="","",(P77-1)/4) -> 0 | Y77: =IF(Q77="","",(Q77-1)/4) -> 0.5 | Z77: =IF(R77="","",(R77-1)/4) -> 1 | AA77: =IF(AND(S77<>"",C77<=1949,I77="yes"),S77,"") -> 1 | AB77: =IF(AND(T77<>"",C77<=1949,I77="yes"),T77,"") -> 1 | AC77: =IF(AND(U77<>"",C77<=1949,I77="yes"),U77,"") -> 1 | AD77: =IF(AND(V77<>"",C77<=1949,I77="yes"),V77,"") -> 1 | AE77: =IF(AND(W77<>"",C77<=1949,I77="yes"),W77,"") -> 0 | AF77: =IF(AND(X77<>"",C77<=1949,I77="yes"),X77,"") -> 0 | AG77: =IF(AND(Y77<>"",C77<=1949,I77="yes"),Y77,"") -> 0.5 | AH77: =IF(AND(Z77<>"",C77<=1949,I77="yes"),Z77,"") -> 1 | AI77: =IF(OR(S77="",'4_BENCHMARK'!$C$4=""),"",ABS(S77-'4_BENCHMARK'!$C$4)) -> 0 | AJ77: =IF(OR(T77="",'4_BENCHMARK'!$C$5=""),"",ABS(T77-'4_BENCHMARK'!$C$5)) -> 0 | AK77: =IF(OR(U77="",'4_BENCHMARK'!$C$6=""),"",ABS(U77-'4_BENCHMARK'!$C$6)) -> 0 | AL77: =IF(OR(V77="",'4_BENCHMARK'!$C$7=""),"",ABS(V77-'4_BENCHMARK'!$C$7)) -> 0 | AM77: =IF(OR(W77="",'4_BENCHMARK'!$C$8=""),"",ABS(W77-'4_BENCHMARK'!$C$8)) -> 0 | AN77: =IF(OR(X77="",'4_BENCHMARK'!$C$9=""),"",ABS(X77-'4_BENCHMARK'!$C$9)) -> 0 | AO77: =IF(OR(Y77="",'4_BENCHMARK'!$C$10=""),"",ABS(Y77-'4_BENCHMARK'!$C$10)) -> 0 | AP77: =IF(OR(Z77="",'4_BENCHMARK'!$C$11=""),"",ABS(Z77-'4_BENCHMARK'!$C$11)) -> 0 | AQ77: =IF(COUNT(AI77:AP77)<8,"",1-AVERAGE(AI77:AP77)) -> 1 | AS77: trunk | AT77: =IF(COUNT(AI77:AL77,AO77:AP77)<6,"",1-AVERAGE(AI77:AL77,AO77:AP77)) -> 1 | AU77: =IF(AND($I77="yes",$C77<=1949,K77<>""),K77,"") -> 5 | AV77: =IF(AND($I77="yes",$C77<=1949,L77<>""),L77,"") -> 5 | AW77: =IF(AND($I77="yes",$C77<=1949,M77<>""),M77,"") -> 5 | AX77: =IF(AND($I77="yes",$C77<=1949,N77<>""),N77,"") -> 5 | AY77: =IF(AND($I77="yes",$C77<=1949,O77<>""),O77,"") -> 1 | AZ77: =IF(AND($I77="yes",$C77<=1949,P77<>""),P77,"") -> 1 | BA77: =IF(AND($I77="yes",$C77<=1949,Q77<>""),Q77,"") -> 3 | BB77: =IF(AND($I77="yes",$C77<=1949,R77<>""),R77,"") -> 5 | BC77: =IF(AND($I77="yes",$C77>=2000,K77<>""),K77,"") | BD77: =IF(AND($I77="yes",$C77>=2000,L77<>""),L77,"") | BE77: =IF(AND($I77="yes",$C77>=2000,M77<>""),M77,"") | BF77: =IF(AND($I77="yes",$C77>=2000,N77<>""),N77,"") | BG77: =IF(AND($I77="yes",$C77>=2000,O77<>""),O77,"") | BH77: =IF(AND($I77="yes",$C77>=2000,P77<>""),P77,"") | BI77: =IF(AND($I77="yes",$C77>=2000,Q77<>""),Q77,"") | BJ77: =IF(AND($I77="yes",$C77>=2000,R77<>""),R77,"")
A78: 74 | B78: A LIMITED EDITION MIRROR MONOGRAM SPEAKER TRUNK | C78: 2022 | D78: =IF(C78="","",FLOOR(C78,10)) -> 2020 | E78: Christie's | F78: https://www.christies.com/en/lot/lot-6586975 | G78: LV0074.png | H78: yes | I78: yes | K78: 5 | L78: 5 | M78: 5 | N78: 4 | O78: 4 | P78: 5 | Q78: 2 | R78: 4 | S78: =IF(K78="","",(K78-1)/4) -> 1 | T78: =IF(L78="","",(L78-1)/4) -> 1 | U78: =IF(M78="","",(M78-1)/4) -> 1 | V78: =IF(N78="","",(N78-1)/4) -> 0.75 | W78: =IF(O78="","",(O78-1)/4) -> 0.75 | X78: =IF(P78="","",(P78-1)/4) -> 1 | Y78: =IF(Q78="","",(Q78-1)/4) -> 0.25 | Z78: =IF(R78="","",(R78-1)/4) -> 0.75 | AA78: =IF(AND(S78<>"",C78<=1949,I78="yes"),S78,"") | AB78: =IF(AND(T78<>"",C78<=1949,I78="yes"),T78,"") | AC78: =IF(AND(U78<>"",C78<=1949,I78="yes"),U78,"") | AD78: =IF(AND(V78<>"",C78<=1949,I78="yes"),V78,"") | AE78: =IF(AND(W78<>"",C78<=1949,I78="yes"),W78,"") | AF78: =IF(AND(X78<>"",C78<=1949,I78="yes"),X78,"") | AG78: =IF(AND(Y78<>"",C78<=1949,I78="yes"),Y78,"") | AH78: =IF(AND(Z78<>"",C78<=1949,I78="yes"),Z78,"") | AI78: =IF(OR(S78="",'4_BENCHMARK'!$C$4=""),"",ABS(S78-'4_BENCHMARK'!$C$4)) -> 0 | AJ78: =IF(OR(T78="",'4_BENCHMARK'!$C$5=""),"",ABS(T78-'4_BENCHMARK'!$C$5)) -> 0 | AK78: =IF(OR(U78="",'4_BENCHMARK'!$C$6=""),"",ABS(U78-'4_BENCHMARK'!$C$6)) -> 0 | AL78: =IF(OR(V78="",'4_BENCHMARK'!$C$7=""),"",ABS(V78-'4_BENCHMARK'!$C$7)) -> 0.25 | AM78: =IF(OR(W78="",'4_BENCHMARK'!$C$8=""),"",ABS(W78-'4_BENCHMARK'!$C$8)) -> 0.75 | AN78: =IF(OR(X78="",'4_BENCHMARK'!$C$9=""),"",ABS(X78-'4_BENCHMARK'!$C$9)) -> 1 | AO78: =IF(OR(Y78="",'4_BENCHMARK'!$C$10=""),"",ABS(Y78-'4_BENCHMARK'!$C$10)) -> 0.25 | AP78: =IF(OR(Z78="",'4_BENCHMARK'!$C$11=""),"",ABS(Z78-'4_BENCHMARK'!$C$11)) -> 0.25 | AQ78: =IF(COUNT(AI78:AP78)<8,"",1-AVERAGE(AI78:AP78)) -> 0.6875 | AS78: suitcase | AT78: =IF(COUNT(AI78:AL78,AO78:AP78)<6,"",1-AVERAGE(AI78:AL78,AO78:AP78)) -> 0.875 | AU78: =IF(AND($I78="yes",$C78<=1949,K78<>""),K78,"") | AV78: =IF(AND($I78="yes",$C78<=1949,L78<>""),L78,"") | AW78: =IF(AND($I78="yes",$C78<=1949,M78<>""),M78,"") | AX78: =IF(AND($I78="yes",$C78<=1949,N78<>""),N78,"") | AY78: =IF(AND($I78="yes",$C78<=1949,O78<>""),O78,"") | AZ78: =IF(AND($I78="yes",$C78<=1949,P78<>""),P78,"") | BA78: =IF(AND($I78="yes",$C78<=1949,Q78<>""),Q78,"") | BB78: =IF(AND($I78="yes",$C78<=1949,R78<>""),R78,"") | BC78: =IF(AND($I78="yes",$C78>=2000,K78<>""),K78,"") -> 5 | BD78: =IF(AND($I78="yes",$C78>=2000,L78<>""),L78,"") -> 5 | BE78: =IF(AND($I78="yes",$C78>=2000,M78<>""),M78,"") -> 5 | BF78: =IF(AND($I78="yes",$C78>=2000,N78<>""),N78,"") -> 4 | BG78: =IF(AND($I78="yes",$C78>=2000,O78<>""),O78,"") -> 4 | BH78: =IF(AND($I78="yes",$C78>=2000,P78<>""),P78,"") -> 5 | BI78: =IF(AND($I78="yes",$C78>=2000,Q78<>""),Q78,"") -> 2 | BJ78: =IF(AND($I78="yes",$C78>=2000,R78<>""),R78,"") -> 4
A79: 75 | B79: A LARGE ALZER SUITCASE | C79: 1960 | D79: =IF(C79="","",FLOOR(C79,10)) -> 1960 | E79: Christie's | F79: https://www.christies.com/en/lot/lot-6100124 | G79: LV0075.png | H79: no | I79: yes | J79: 1960s | K79: 5 | L79: 5 | M79: 5 | N79: 5 | O79: 5 | P79: 5 | Q79: 2 | R79: 4 | S79: =IF(K79="","",(K79-1)/4) -> 1 | T79: =IF(L79="","",(L79-1)/4) -> 1 | U79: =IF(M79="","",(M79-1)/4) -> 1 | V79: =IF(N79="","",(N79-1)/4) -> 1 | W79: =IF(O79="","",(O79-1)/4) -> 1 | X79: =IF(P79="","",(P79-1)/4) -> 1 | Y79: =IF(Q79="","",(Q79-1)/4) -> 0.25 | Z79: =IF(R79="","",(R79-1)/4) -> 0.75 | AA79: =IF(AND(S79<>"",C79<=1949,I79="yes"),S79,"") | AB79: =IF(AND(T79<>"",C79<=1949,I79="yes"),T79,"") | AC79: =IF(AND(U79<>"",C79<=1949,I79="yes"),U79,"") | AD79: =IF(AND(V79<>"",C79<=1949,I79="yes"),V79,"") | AE79: =IF(AND(W79<>"",C79<=1949,I79="yes"),W79,"") | AF79: =IF(AND(X79<>"",C79<=1949,I79="yes"),X79,"") | AG79: =IF(AND(Y79<>"",C79<=1949,I79="yes"),Y79,"") | AH79: =IF(AND(Z79<>"",C79<=1949,I79="yes"),Z79,"") | AI79: =IF(OR(S79="",'4_BENCHMARK'!$C$4=""),"",ABS(S79-'4_BENCHMARK'!$C$4)) -> 0 | AJ79: =IF(OR(T79="",'4_BENCHMARK'!$C$5=""),"",ABS(T79-'4_BENCHMARK'!$C$5)) -> 0 | AK79: =IF(OR(U79="",'4_BENCHMARK'!$C$6=""),"",ABS(U79-'4_BENCHMARK'!$C$6)) -> 0 | AL79: =IF(OR(V79="",'4_BENCHMARK'!$C$7=""),"",ABS(V79-'4_BENCHMARK'!$C$7)) -> 0 | AM79: =IF(OR(W79="",'4_BENCHMARK'!$C$8=""),"",ABS(W79-'4_BENCHMARK'!$C$8)) -> 1 | AN79: =IF(OR(X79="",'4_BENCHMARK'!$C$9=""),"",ABS(X79-'4_BENCHMARK'!$C$9)) -> 1 | AO79: =IF(OR(Y79="",'4_BENCHMARK'!$C$10=""),"",ABS(Y79-'4_BENCHMARK'!$C$10)) -> 0.25 | AP79: =IF(OR(Z79="",'4_BENCHMARK'!$C$11=""),"",ABS(Z79-'4_BENCHMARK'!$C$11)) -> 0.25 | AQ79: =IF(COUNT(AI79:AP79)<8,"",1-AVERAGE(AI79:AP79)) -> 0.6875 | AS79: suitcase | AT79: =IF(COUNT(AI79:AL79,AO79:AP79)<6,"",1-AVERAGE(AI79:AL79,AO79:AP79)) -> 0.91666667 | AU79: =IF(AND($I79="yes",$C79<=1949,K79<>""),K79,"") | AV79: =IF(AND($I79="yes",$C79<=1949,L79<>""),L79,"") | AW79: =IF(AND($I79="yes",$C79<=1949,M79<>""),M79,"") | AX79: =IF(AND($I79="yes",$C79<=1949,N79<>""),N79,"") | AY79: =IF(AND($I79="yes",$C79<=1949,O79<>""),O79,"") | AZ79: =IF(AND($I79="yes",$C79<=1949,P79<>""),P79,"") | BA79: =IF(AND($I79="yes",$C79<=1949,Q79<>""),Q79,"") | BB79: =IF(AND($I79="yes",$C79<=1949,R79<>""),R79,"") | BC79: =IF(AND($I79="yes",$C79>=2000,K79<>""),K79,"") | BD79: =IF(AND($I79="yes",$C79>=2000,L79<>""),L79,"") | BE79: =IF(AND($I79="yes",$C79>=2000,M79<>""),M79,"") | BF79: =IF(AND($I79="yes",$C79>=2000,N79<>""),N79,"") | BG79: =IF(AND($I79="yes",$C79>=2000,O79<>""),O79,"") | BH79: =IF(AND($I79="yes",$C79>=2000,P79<>""),P79,"") | BI79: =IF(AND($I79="yes",$C79>=2000,Q79<>""),Q79,"") | BJ79: =IF(AND($I79="yes",$C79>=2000,R79<>""),R79,"")
A80: 76 | B80: A TRUNK IN NATURAL COW HIDE | C80: 1904 | D80: =IF(C80="","",FLOOR(C80,10)) -> 1900 | E80: Christie's | F80: https://www.christies.com/en/lot/lot-5403059 | G80: LV0076.png | H80: no | I80: yes | J80: circa 1904 | K80: 5 | L80: 5 | M80: 5 | N80: 5 | O80: 1 | P80: 1 | Q80: 2 | R80: 5 | S80: =IF(K80="","",(K80-1)/4) -> 1 | T80: =IF(L80="","",(L80-1)/4) -> 1 | U80: =IF(M80="","",(M80-1)/4) -> 1 | V80: =IF(N80="","",(N80-1)/4) -> 1 | W80: =IF(O80="","",(O80-1)/4) -> 0 | X80: =IF(P80="","",(P80-1)/4) -> 0 | Y80: =IF(Q80="","",(Q80-1)/4) -> 0.25 | Z80: =IF(R80="","",(R80-1)/4) -> 1 | AA80: =IF(AND(S80<>"",C80<=1949,I80="yes"),S80,"") -> 1 | AB80: =IF(AND(T80<>"",C80<=1949,I80="yes"),T80,"") -> 1 | AC80: =IF(AND(U80<>"",C80<=1949,I80="yes"),U80,"") -> 1 | AD80: =IF(AND(V80<>"",C80<=1949,I80="yes"),V80,"") -> 1 | AE80: =IF(AND(W80<>"",C80<=1949,I80="yes"),W80,"") -> 0 | AF80: =IF(AND(X80<>"",C80<=1949,I80="yes"),X80,"") -> 0 | AG80: =IF(AND(Y80<>"",C80<=1949,I80="yes"),Y80,"") -> 0.25 | AH80: =IF(AND(Z80<>"",C80<=1949,I80="yes"),Z80,"") -> 1 | AI80: =IF(OR(S80="",'4_BENCHMARK'!$C$4=""),"",ABS(S80-'4_BENCHMARK'!$C$4)) -> 0 | AJ80: =IF(OR(T80="",'4_BENCHMARK'!$C$5=""),"",ABS(T80-'4_BENCHMARK'!$C$5)) -> 0 | AK80: =IF(OR(U80="",'4_BENCHMARK'!$C$6=""),"",ABS(U80-'4_BENCHMARK'!$C$6)) -> 0 | AL80: =IF(OR(V80="",'4_BENCHMARK'!$C$7=""),"",ABS(V80-'4_BENCHMARK'!$C$7)) -> 0 | AM80: =IF(OR(W80="",'4_BENCHMARK'!$C$8=""),"",ABS(W80-'4_BENCHMARK'!$C$8)) -> 0 | AN80: =IF(OR(X80="",'4_BENCHMARK'!$C$9=""),"",ABS(X80-'4_BENCHMARK'!$C$9)) -> 0 | AO80: =IF(OR(Y80="",'4_BENCHMARK'!$C$10=""),"",ABS(Y80-'4_BENCHMARK'!$C$10)) -> 0.25 | AP80: =IF(OR(Z80="",'4_BENCHMARK'!$C$11=""),"",ABS(Z80-'4_BENCHMARK'!$C$11)) -> 0 | AQ80: =IF(COUNT(AI80:AP80)<8,"",1-AVERAGE(AI80:AP80)) -> 0.96875 | AS80: trunk | AT80: =IF(COUNT(AI80:AL80,AO80:AP80)<6,"",1-AVERAGE(AI80:AL80,AO80:AP80)) -> 0.95833333 | AU80: =IF(AND($I80="yes",$C80<=1949,K80<>""),K80,"") -> 5 | AV80: =IF(AND($I80="yes",$C80<=1949,L80<>""),L80,"") -> 5 | AW80: =IF(AND($I80="yes",$C80<=1949,M80<>""),M80,"") -> 5 | AX80: =IF(AND($I80="yes",$C80<=1949,N80<>""),N80,"") -> 5 | AY80: =IF(AND($I80="yes",$C80<=1949,O80<>""),O80,"") -> 1 | AZ80: =IF(AND($I80="yes",$C80<=1949,P80<>""),P80,"") -> 1 | BA80: =IF(AND($I80="yes",$C80<=1949,Q80<>""),Q80,"") -> 2 | BB80: =IF(AND($I80="yes",$C80<=1949,R80<>""),R80,"") -> 5 | BC80: =IF(AND($I80="yes",$C80>=2000,K80<>""),K80,"") | BD80: =IF(AND($I80="yes",$C80>=2000,L80<>""),L80,"") | BE80: =IF(AND($I80="yes",$C80>=2000,M80<>""),M80,"") | BF80: =IF(AND($I80="yes",$C80>=2000,N80<>""),N80,"") | BG80: =IF(AND($I80="yes",$C80>=2000,O80<>""),O80,"") | BH80: =IF(AND($I80="yes",$C80>=2000,P80<>""),P80,"") | BI80: =IF(AND($I80="yes",$C80>=2000,Q80<>""),Q80,"") | BJ80: =IF(AND($I80="yes",$C80>=2000,R80<>""),R80,"")
A81: 77 | B81: A GRIS TRIANON CANVAS TRUNK WITH BLACK LACQUERED IRON HARDWARE | C81: 1888 | D81: =IF(C81="","",FLOOR(C81,10)) -> 1880 | E81: Christie's | F81: https://onlineonly.christies.com/s/legendary-trunks-european-private-collection/gris-trianon-canvas-trunk-black-lacquered-iron-hardware-60/227578 | G81: LV0077.png | H81: no | I81: yes | K81: 5 | L81: 5 | M81: 5 | N81: 5 | O81: 1 | P81: 1 | Q81: 3 | R81: 5 | S81: =IF(K81="","",(K81-1)/4) -> 1 | T81: =IF(L81="","",(L81-1)/4) -> 1 | U81: =IF(M81="","",(M81-1)/4) -> 1 | V81: =IF(N81="","",(N81-1)/4) -> 1 | W81: =IF(O81="","",(O81-1)/4) -> 0 | X81: =IF(P81="","",(P81-1)/4) -> 0 | Y81: =IF(Q81="","",(Q81-1)/4) -> 0.5 | Z81: =IF(R81="","",(R81-1)/4) -> 1 | AA81: =IF(AND(S81<>"",C81<=1949,I81="yes"),S81,"") -> 1 | AB81: =IF(AND(T81<>"",C81<=1949,I81="yes"),T81,"") -> 1 | AC81: =IF(AND(U81<>"",C81<=1949,I81="yes"),U81,"") -> 1 | AD81: =IF(AND(V81<>"",C81<=1949,I81="yes"),V81,"") -> 1 | AE81: =IF(AND(W81<>"",C81<=1949,I81="yes"),W81,"") -> 0 | AF81: =IF(AND(X81<>"",C81<=1949,I81="yes"),X81,"") -> 0 | AG81: =IF(AND(Y81<>"",C81<=1949,I81="yes"),Y81,"") -> 0.5 | AH81: =IF(AND(Z81<>"",C81<=1949,I81="yes"),Z81,"") -> 1 | AI81: =IF(OR(S81="",'4_BENCHMARK'!$C$4=""),"",ABS(S81-'4_BENCHMARK'!$C$4)) -> 0 | AJ81: =IF(OR(T81="",'4_BENCHMARK'!$C$5=""),"",ABS(T81-'4_BENCHMARK'!$C$5)) -> 0 | AK81: =IF(OR(U81="",'4_BENCHMARK'!$C$6=""),"",ABS(U81-'4_BENCHMARK'!$C$6)) -> 0 | AL81: =IF(OR(V81="",'4_BENCHMARK'!$C$7=""),"",ABS(V81-'4_BENCHMARK'!$C$7)) -> 0 | AM81: =IF(OR(W81="",'4_BENCHMARK'!$C$8=""),"",ABS(W81-'4_BENCHMARK'!$C$8)) -> 0 | AN81: =IF(OR(X81="",'4_BENCHMARK'!$C$9=""),"",ABS(X81-'4_BENCHMARK'!$C$9)) -> 0 | AO81: =IF(OR(Y81="",'4_BENCHMARK'!$C$10=""),"",ABS(Y81-'4_BENCHMARK'!$C$10)) -> 0 | AP81: =IF(OR(Z81="",'4_BENCHMARK'!$C$11=""),"",ABS(Z81-'4_BENCHMARK'!$C$11)) -> 0 | AQ81: =IF(COUNT(AI81:AP81)<8,"",1-AVERAGE(AI81:AP81)) -> 1 | AS81: trunk | AT81: =IF(COUNT(AI81:AL81,AO81:AP81)<6,"",1-AVERAGE(AI81:AL81,AO81:AP81)) -> 1 | AU81: =IF(AND($I81="yes",$C81<=1949,K81<>""),K81,"") -> 5 | AV81: =IF(AND($I81="yes",$C81<=1949,L81<>""),L81,"") -> 5 | AW81: =IF(AND($I81="yes",$C81<=1949,M81<>""),M81,"") -> 5 | AX81: =IF(AND($I81="yes",$C81<=1949,N81<>""),N81,"") -> 5 | AY81: =IF(AND($I81="yes",$C81<=1949,O81<>""),O81,"") -> 1 | AZ81: =IF(AND($I81="yes",$C81<=1949,P81<>""),P81,"") -> 1 | BA81: =IF(AND($I81="yes",$C81<=1949,Q81<>""),Q81,"") -> 3 | BB81: =IF(AND($I81="yes",$C81<=1949,R81<>""),R81,"") -> 5 | BC81: =IF(AND($I81="yes",$C81>=2000,K81<>""),K81,"") | BD81: =IF(AND($I81="yes",$C81>=2000,L81<>""),L81,"") | BE81: =IF(AND($I81="yes",$C81>=2000,M81<>""),M81,"") | BF81: =IF(AND($I81="yes",$C81>=2000,N81<>""),N81,"") | BG81: =IF(AND($I81="yes",$C81>=2000,O81<>""),O81,"") | BH81: =IF(AND($I81="yes",$C81>=2000,P81<>""),P81,"") | BI81: =IF(AND($I81="yes",$C81>=2000,Q81<>""),Q81,"") | BJ81: =IF(AND($I81="yes",$C81>=2000,R81<>""),R81,"")
A82: 78 | B82: A WHITE, BLUSH & METALLIC ALLIGATOR PETITE MALLE WITH BRUSHED ROSE GOLD HARDWARE | C82: 2018 | D82: =IF(C82="","",FLOOR(C82,10)) -> 2010 | E82: Christie's | F82: https://onlineonly.christies.com/s/handbags-online-new-york-edit/white-blush-metallic-alligator-petite-malle-brushed-rose-gold-hardware-150/260333 | G82: LV0078.png | H82: yes | I82: yes | K82: 5 | L82: 4 | M82: 4 | N82: 4 | O82: 3 | P82: 1 | Q82: 3 | R82: 3 | S82: =IF(K82="","",(K82-1)/4) -> 1 | T82: =IF(L82="","",(L82-1)/4) -> 0.75 | U82: =IF(M82="","",(M82-1)/4) -> 0.75 | V82: =IF(N82="","",(N82-1)/4) -> 0.75 | W82: =IF(O82="","",(O82-1)/4) -> 0.5 | X82: =IF(P82="","",(P82-1)/4) -> 0 | Y82: =IF(Q82="","",(Q82-1)/4) -> 0.5 | Z82: =IF(R82="","",(R82-1)/4) -> 0.5 | AA82: =IF(AND(S82<>"",C82<=1949,I82="yes"),S82,"") | AB82: =IF(AND(T82<>"",C82<=1949,I82="yes"),T82,"") | AC82: =IF(AND(U82<>"",C82<=1949,I82="yes"),U82,"") | AD82: =IF(AND(V82<>"",C82<=1949,I82="yes"),V82,"") | AE82: =IF(AND(W82<>"",C82<=1949,I82="yes"),W82,"") | AF82: =IF(AND(X82<>"",C82<=1949,I82="yes"),X82,"") | AG82: =IF(AND(Y82<>"",C82<=1949,I82="yes"),Y82,"") | AH82: =IF(AND(Z82<>"",C82<=1949,I82="yes"),Z82,"") | AI82: =IF(OR(S82="",'4_BENCHMARK'!$C$4=""),"",ABS(S82-'4_BENCHMARK'!$C$4)) -> 0 | AJ82: =IF(OR(T82="",'4_BENCHMARK'!$C$5=""),"",ABS(T82-'4_BENCHMARK'!$C$5)) -> 0.25 | AK82: =IF(OR(U82="",'4_BENCHMARK'!$C$6=""),"",ABS(U82-'4_BENCHMARK'!$C$6)) -> 0.25 | AL82: =IF(OR(V82="",'4_BENCHMARK'!$C$7=""),"",ABS(V82-'4_BENCHMARK'!$C$7)) -> 0.25 | AM82: =IF(OR(W82="",'4_BENCHMARK'!$C$8=""),"",ABS(W82-'4_BENCHMARK'!$C$8)) -> 0.5 | AN82: =IF(OR(X82="",'4_BENCHMARK'!$C$9=""),"",ABS(X82-'4_BENCHMARK'!$C$9)) -> 0 | AO82: =IF(OR(Y82="",'4_BENCHMARK'!$C$10=""),"",ABS(Y82-'4_BENCHMARK'!$C$10)) -> 0 | AP82: =IF(OR(Z82="",'4_BENCHMARK'!$C$11=""),"",ABS(Z82-'4_BENCHMARK'!$C$11)) -> 0.5 | AQ82: =IF(COUNT(AI82:AP82)<8,"",1-AVERAGE(AI82:AP82)) -> 0.78125 | AS82: bag | AT82: =IF(COUNT(AI82:AL82,AO82:AP82)<6,"",1-AVERAGE(AI82:AL82,AO82:AP82)) -> 0.79166667 | AU82: =IF(AND($I82="yes",$C82<=1949,K82<>""),K82,"") | AV82: =IF(AND($I82="yes",$C82<=1949,L82<>""),L82,"") | AW82: =IF(AND($I82="yes",$C82<=1949,M82<>""),M82,"") | AX82: =IF(AND($I82="yes",$C82<=1949,N82<>""),N82,"") | AY82: =IF(AND($I82="yes",$C82<=1949,O82<>""),O82,"") | AZ82: =IF(AND($I82="yes",$C82<=1949,P82<>""),P82,"") | BA82: =IF(AND($I82="yes",$C82<=1949,Q82<>""),Q82,"") | BB82: =IF(AND($I82="yes",$C82<=1949,R82<>""),R82,"") | BC82: =IF(AND($I82="yes",$C82>=2000,K82<>""),K82,"") -> 5 | BD82: =IF(AND($I82="yes",$C82>=2000,L82<>""),L82,"") -> 4 | BE82: =IF(AND($I82="yes",$C82>=2000,M82<>""),M82,"") -> 4 | BF82: =IF(AND($I82="yes",$C82>=2000,N82<>""),N82,"") -> 4 | BG82: =IF(AND($I82="yes",$C82>=2000,O82<>""),O82,"") -> 3 | BH82: =IF(AND($I82="yes",$C82>=2000,P82<>""),P82,"") -> 1 | BI82: =IF(AND($I82="yes",$C82>=2000,Q82<>""),Q82,"") -> 3 | BJ82: =IF(AND($I82="yes",$C82>=2000,R82<>""),R82,"") -> 3
A83: 79 | B83: A FUCHSIA MONOGRAM VERNIS PATENT LEATHER PÉGASE 55 | C83: 2003 | D83: =IF(C83="","",FLOOR(C83,10)) -> 2000 | E83: Christie's | F83: https://onlineonly.christies.com/s/collection-sir-elton-john-out-closet/fuchsia-monogram-vernis-patent-leather-pegase-55-1329/209124 | G83: LV0079.png | H83: yes | I83: yes | K83: 4 | L83: 4 | M83: 4 | N83: 4 | O83: 5 | P83: 5 | Q83: 1 | R83: 5 | S83: =IF(K83="","",(K83-1)/4) -> 0.75 | T83: =IF(L83="","",(L83-1)/4) -> 0.75 | U83: =IF(M83="","",(M83-1)/4) -> 0.75 | V83: =IF(N83="","",(N83-1)/4) -> 0.75 | W83: =IF(O83="","",(O83-1)/4) -> 1 | X83: =IF(P83="","",(P83-1)/4) -> 1 | Y83: =IF(Q83="","",(Q83-1)/4) -> 0 | Z83: =IF(R83="","",(R83-1)/4) -> 1 | AA83: =IF(AND(S83<>"",C83<=1949,I83="yes"),S83,"") | AB83: =IF(AND(T83<>"",C83<=1949,I83="yes"),T83,"") | AC83: =IF(AND(U83<>"",C83<=1949,I83="yes"),U83,"") | AD83: =IF(AND(V83<>"",C83<=1949,I83="yes"),V83,"") | AE83: =IF(AND(W83<>"",C83<=1949,I83="yes"),W83,"") | AF83: =IF(AND(X83<>"",C83<=1949,I83="yes"),X83,"") | AG83: =IF(AND(Y83<>"",C83<=1949,I83="yes"),Y83,"") | AH83: =IF(AND(Z83<>"",C83<=1949,I83="yes"),Z83,"") | AI83: =IF(OR(S83="",'4_BENCHMARK'!$C$4=""),"",ABS(S83-'4_BENCHMARK'!$C$4)) -> 0.25 | AJ83: =IF(OR(T83="",'4_BENCHMARK'!$C$5=""),"",ABS(T83-'4_BENCHMARK'!$C$5)) -> 0.25 | AK83: =IF(OR(U83="",'4_BENCHMARK'!$C$6=""),"",ABS(U83-'4_BENCHMARK'!$C$6)) -> 0.25 | AL83: =IF(OR(V83="",'4_BENCHMARK'!$C$7=""),"",ABS(V83-'4_BENCHMARK'!$C$7)) -> 0.25 | AM83: =IF(OR(W83="",'4_BENCHMARK'!$C$8=""),"",ABS(W83-'4_BENCHMARK'!$C$8)) -> 1 | AN83: =IF(OR(X83="",'4_BENCHMARK'!$C$9=""),"",ABS(X83-'4_BENCHMARK'!$C$9)) -> 1 | AO83: =IF(OR(Y83="",'4_BENCHMARK'!$C$10=""),"",ABS(Y83-'4_BENCHMARK'!$C$10)) -> 0.5 | AP83: =IF(OR(Z83="",'4_BENCHMARK'!$C$11=""),"",ABS(Z83-'4_BENCHMARK'!$C$11)) -> 0 | AQ83: =IF(COUNT(AI83:AP83)<8,"",1-AVERAGE(AI83:AP83)) -> 0.5625 | AS83: other | AT83: =IF(COUNT(AI83:AL83,AO83:AP83)<6,"",1-AVERAGE(AI83:AL83,AO83:AP83)) -> 0.75 | AU83: =IF(AND($I83="yes",$C83<=1949,K83<>""),K83,"") | AV83: =IF(AND($I83="yes",$C83<=1949,L83<>""),L83,"") | AW83: =IF(AND($I83="yes",$C83<=1949,M83<>""),M83,"") | AX83: =IF(AND($I83="yes",$C83<=1949,N83<>""),N83,"") | AY83: =IF(AND($I83="yes",$C83<=1949,O83<>""),O83,"") | AZ83: =IF(AND($I83="yes",$C83<=1949,P83<>""),P83,"") | BA83: =IF(AND($I83="yes",$C83<=1949,Q83<>""),Q83,"") | BB83: =IF(AND($I83="yes",$C83<=1949,R83<>""),R83,"") | BC83: =IF(AND($I83="yes",$C83>=2000,K83<>""),K83,"") -> 4 | BD83: =IF(AND($I83="yes",$C83>=2000,L83<>""),L83,"") -> 4 | BE83: =IF(AND($I83="yes",$C83>=2000,M83<>""),M83,"") -> 4 | BF83: =IF(AND($I83="yes",$C83>=2000,N83<>""),N83,"") -> 4 | BG83: =IF(AND($I83="yes",$C83>=2000,O83<>""),O83,"") -> 5 | BH83: =IF(AND($I83="yes",$C83>=2000,P83<>""),P83,"") -> 5 | BI83: =IF(AND($I83="yes",$C83>=2000,Q83<>""),Q83,"") -> 1 | BJ83: =IF(AND($I83="yes",$C83>=2000,R83<>""),R83,"") -> 5
A84: 80 | B84: A MONOGRAM CANVAS WARDROBE TRUNK WITH BRASS HARDWARE | C84: 1906 | D84: =IF(C84="","",FLOOR(C84,10)) -> 1900 | E84: Christie's | F84: https://onlineonly.christies.com/s/legendary-trunks-european-private-collection-part-ii/monogram-canvas-wardrobe-trunk-brass-hardware-78/263028 | G84: LV0080.png | H84: no | I84: yes | K84: 5 | L84: 5 | M84: 5 | N84: 5 | O84: 5 | P84: 5 | Q84: 2 | R84: 5 | S84: =IF(K84="","",(K84-1)/4) -> 1 | T84: =IF(L84="","",(L84-1)/4) -> 1 | U84: =IF(M84="","",(M84-1)/4) -> 1 | V84: =IF(N84="","",(N84-1)/4) -> 1 | W84: =IF(O84="","",(O84-1)/4) -> 1 | X84: =IF(P84="","",(P84-1)/4) -> 1 | Y84: =IF(Q84="","",(Q84-1)/4) -> 0.25 | Z84: =IF(R84="","",(R84-1)/4) -> 1 | AA84: =IF(AND(S84<>"",C84<=1949,I84="yes"),S84,"") -> 1 | AB84: =IF(AND(T84<>"",C84<=1949,I84="yes"),T84,"") -> 1 | AC84: =IF(AND(U84<>"",C84<=1949,I84="yes"),U84,"") -> 1 | AD84: =IF(AND(V84<>"",C84<=1949,I84="yes"),V84,"") -> 1 | AE84: =IF(AND(W84<>"",C84<=1949,I84="yes"),W84,"") -> 1 | AF84: =IF(AND(X84<>"",C84<=1949,I84="yes"),X84,"") -> 1 | AG84: =IF(AND(Y84<>"",C84<=1949,I84="yes"),Y84,"") -> 0.25 | AH84: =IF(AND(Z84<>"",C84<=1949,I84="yes"),Z84,"") -> 1 | AI84: =IF(OR(S84="",'4_BENCHMARK'!$C$4=""),"",ABS(S84-'4_BENCHMARK'!$C$4)) -> 0 | AJ84: =IF(OR(T84="",'4_BENCHMARK'!$C$5=""),"",ABS(T84-'4_BENCHMARK'!$C$5)) -> 0 | AK84: =IF(OR(U84="",'4_BENCHMARK'!$C$6=""),"",ABS(U84-'4_BENCHMARK'!$C$6)) -> 0 | AL84: =IF(OR(V84="",'4_BENCHMARK'!$C$7=""),"",ABS(V84-'4_BENCHMARK'!$C$7)) -> 0 | AM84: =IF(OR(W84="",'4_BENCHMARK'!$C$8=""),"",ABS(W84-'4_BENCHMARK'!$C$8)) -> 1 | AN84: =IF(OR(X84="",'4_BENCHMARK'!$C$9=""),"",ABS(X84-'4_BENCHMARK'!$C$9)) -> 1 | AO84: =IF(OR(Y84="",'4_BENCHMARK'!$C$10=""),"",ABS(Y84-'4_BENCHMARK'!$C$10)) -> 0.25 | AP84: =IF(OR(Z84="",'4_BENCHMARK'!$C$11=""),"",ABS(Z84-'4_BENCHMARK'!$C$11)) -> 0 | AQ84: =IF(COUNT(AI84:AP84)<8,"",1-AVERAGE(AI84:AP84)) -> 0.71875 | AS84: trunk | AT84: =IF(COUNT(AI84:AL84,AO84:AP84)<6,"",1-AVERAGE(AI84:AL84,AO84:AP84)) -> 0.95833333 | AU84: =IF(AND($I84="yes",$C84<=1949,K84<>""),K84,"") -> 5 | AV84: =IF(AND($I84="yes",$C84<=1949,L84<>""),L84,"") -> 5 | AW84: =IF(AND($I84="yes",$C84<=1949,M84<>""),M84,"") -> 5 | AX84: =IF(AND($I84="yes",$C84<=1949,N84<>""),N84,"") -> 5 | AY84: =IF(AND($I84="yes",$C84<=1949,O84<>""),O84,"") -> 5 | AZ84: =IF(AND($I84="yes",$C84<=1949,P84<>""),P84,"") -> 5 | BA84: =IF(AND($I84="yes",$C84<=1949,Q84<>""),Q84,"") -> 2 | BB84: =IF(AND($I84="yes",$C84<=1949,R84<>""),R84,"") -> 5 | BC84: =IF(AND($I84="yes",$C84>=2000,K84<>""),K84,"") | BD84: =IF(AND($I84="yes",$C84>=2000,L84<>""),L84,"") | BE84: =IF(AND($I84="yes",$C84>=2000,M84<>""),M84,"") | BF84: =IF(AND($I84="yes",$C84>=2000,N84<>""),N84,"") | BG84: =IF(AND($I84="yes",$C84>=2000,O84<>""),O84,"") | BH84: =IF(AND($I84="yes",$C84>=2000,P84<>""),P84,"") | BI84: =IF(AND($I84="yes",$C84>=2000,Q84<>""),Q84,"") | BJ84: =IF(AND($I84="yes",$C84>=2000,R84<>""),R84,"")
A85: 81 | B85: ‘Malle Haute’ trunk | C85: 1910 | D85: =IF(C85="","",FLOOR(C85,10)) -> 1910 | E85: Victoria and Albert Museum | F85: https://www.vam.ac.uk/articles/trunks-and-travelling | G85: LV0081.png | H85: yes | I85: yes | J85: circa 1910 | K85: 5 | L85: 5 | M85: 5 | N85: 5 | O85: 1 | P85: 1 | Q85: 3 | R85: 5 | S85: =IF(K85="","",(K85-1)/4) -> 1 | T85: =IF(L85="","",(L85-1)/4) -> 1 | U85: =IF(M85="","",(M85-1)/4) -> 1 | V85: =IF(N85="","",(N85-1)/4) -> 1 | W85: =IF(O85="","",(O85-1)/4) -> 0 | X85: =IF(P85="","",(P85-1)/4) -> 0 | Y85: =IF(Q85="","",(Q85-1)/4) -> 0.5 | Z85: =IF(R85="","",(R85-1)/4) -> 1 | AA85: =IF(AND(S85<>"",C85<=1949,I85="yes"),S85,"") -> 1 | AB85: =IF(AND(T85<>"",C85<=1949,I85="yes"),T85,"") -> 1 | AC85: =IF(AND(U85<>"",C85<=1949,I85="yes"),U85,"") -> 1 | AD85: =IF(AND(V85<>"",C85<=1949,I85="yes"),V85,"") -> 1 | AE85: =IF(AND(W85<>"",C85<=1949,I85="yes"),W85,"") -> 0 | AF85: =IF(AND(X85<>"",C85<=1949,I85="yes"),X85,"") -> 0 | AG85: =IF(AND(Y85<>"",C85<=1949,I85="yes"),Y85,"") -> 0.5 | AH85: =IF(AND(Z85<>"",C85<=1949,I85="yes"),Z85,"") -> 1 | AI85: =IF(OR(S85="",'4_BENCHMARK'!$C$4=""),"",ABS(S85-'4_BENCHMARK'!$C$4)) -> 0 | AJ85: =IF(OR(T85="",'4_BENCHMARK'!$C$5=""),"",ABS(T85-'4_BENCHMARK'!$C$5)) -> 0 | AK85: =IF(OR(U85="",'4_BENCHMARK'!$C$6=""),"",ABS(U85-'4_BENCHMARK'!$C$6)) -> 0 | AL85: =IF(OR(V85="",'4_BENCHMARK'!$C$7=""),"",ABS(V85-'4_BENCHMARK'!$C$7)) -> 0 | AM85: =IF(OR(W85="",'4_BENCHMARK'!$C$8=""),"",ABS(W85-'4_BENCHMARK'!$C$8)) -> 0 | AN85: =IF(OR(X85="",'4_BENCHMARK'!$C$9=""),"",ABS(X85-'4_BENCHMARK'!$C$9)) -> 0 | AO85: =IF(OR(Y85="",'4_BENCHMARK'!$C$10=""),"",ABS(Y85-'4_BENCHMARK'!$C$10)) -> 0 | AP85: =IF(OR(Z85="",'4_BENCHMARK'!$C$11=""),"",ABS(Z85-'4_BENCHMARK'!$C$11)) -> 0 | AQ85: =IF(COUNT(AI85:AP85)<8,"",1-AVERAGE(AI85:AP85)) -> 1 | AS85: trunk | AT85: =IF(COUNT(AI85:AL85,AO85:AP85)<6,"",1-AVERAGE(AI85:AL85,AO85:AP85)) -> 1 | AU85: =IF(AND($I85="yes",$C85<=1949,K85<>""),K85,"") -> 5 | AV85: =IF(AND($I85="yes",$C85<=1949,L85<>""),L85,"") -> 5 | AW85: =IF(AND($I85="yes",$C85<=1949,M85<>""),M85,"") -> 5 | AX85: =IF(AND($I85="yes",$C85<=1949,N85<>""),N85,"") -> 5 | AY85: =IF(AND($I85="yes",$C85<=1949,O85<>""),O85,"") -> 1 | AZ85: =IF(AND($I85="yes",$C85<=1949,P85<>""),P85,"") -> 1 | BA85: =IF(AND($I85="yes",$C85<=1949,Q85<>""),Q85,"") -> 3 | BB85: =IF(AND($I85="yes",$C85<=1949,R85<>""),R85,"") -> 5 | BC85: =IF(AND($I85="yes",$C85>=2000,K85<>""),K85,"") | BD85: =IF(AND($I85="yes",$C85>=2000,L85<>""),L85,"") | BE85: =IF(AND($I85="yes",$C85>=2000,M85<>""),M85,"") | BF85: =IF(AND($I85="yes",$C85>=2000,N85<>""),N85,"") | BG85: =IF(AND($I85="yes",$C85>=2000,O85<>""),O85,"") | BH85: =IF(AND($I85="yes",$C85>=2000,P85<>""),P85,"") | BI85: =IF(AND($I85="yes",$C85>=2000,Q85<>""),Q85,"") | BJ85: =IF(AND($I85="yes",$C85>=2000,R85<>""),R85,"")
A86: 82 | B86: ‘Monogram Miroir’ Speedy handbag | C86: 2006 | D86: =IF(C86="","",FLOOR(C86,10)) -> 2000 | E86: Victoria and Albert Museum | F86: https://collections.vam.ac.uk/item/O1496951/louis-vuitton-monogram-miroir-speedy-handbag-marc-jacobs/ | G86: LV0082.png | H86: yes | I86: yes | K86: 3 | L86: 3 | M86: 3 | N86: 4 | O86: 5 | P86: 5 | Q86: 1 | R86: 4 | S86: =IF(K86="","",(K86-1)/4) -> 0.5 | T86: =IF(L86="","",(L86-1)/4) -> 0.5 | U86: =IF(M86="","",(M86-1)/4) -> 0.5 | V86: =IF(N86="","",(N86-1)/4) -> 0.75 | W86: =IF(O86="","",(O86-1)/4) -> 1 | X86: =IF(P86="","",(P86-1)/4) -> 1 | Y86: =IF(Q86="","",(Q86-1)/4) -> 0 | Z86: =IF(R86="","",(R86-1)/4) -> 0.75 | AA86: =IF(AND(S86<>"",C86<=1949,I86="yes"),S86,"") | AB86: =IF(AND(T86<>"",C86<=1949,I86="yes"),T86,"") | AC86: =IF(AND(U86<>"",C86<=1949,I86="yes"),U86,"") | AD86: =IF(AND(V86<>"",C86<=1949,I86="yes"),V86,"") | AE86: =IF(AND(W86<>"",C86<=1949,I86="yes"),W86,"") | AF86: =IF(AND(X86<>"",C86<=1949,I86="yes"),X86,"") | AG86: =IF(AND(Y86<>"",C86<=1949,I86="yes"),Y86,"") | AH86: =IF(AND(Z86<>"",C86<=1949,I86="yes"),Z86,"") | AI86: =IF(OR(S86="",'4_BENCHMARK'!$C$4=""),"",ABS(S86-'4_BENCHMARK'!$C$4)) -> 0.5 | AJ86: =IF(OR(T86="",'4_BENCHMARK'!$C$5=""),"",ABS(T86-'4_BENCHMARK'!$C$5)) -> 0.5 | AK86: =IF(OR(U86="",'4_BENCHMARK'!$C$6=""),"",ABS(U86-'4_BENCHMARK'!$C$6)) -> 0.5 | AL86: =IF(OR(V86="",'4_BENCHMARK'!$C$7=""),"",ABS(V86-'4_BENCHMARK'!$C$7)) -> 0.25 | AM86: =IF(OR(W86="",'4_BENCHMARK'!$C$8=""),"",ABS(W86-'4_BENCHMARK'!$C$8)) -> 1 | AN86: =IF(OR(X86="",'4_BENCHMARK'!$C$9=""),"",ABS(X86-'4_BENCHMARK'!$C$9)) -> 1 | AO86: =IF(OR(Y86="",'4_BENCHMARK'!$C$10=""),"",ABS(Y86-'4_BENCHMARK'!$C$10)) -> 0.5 | AP86: =IF(OR(Z86="",'4_BENCHMARK'!$C$11=""),"",ABS(Z86-'4_BENCHMARK'!$C$11)) -> 0.25 | AQ86: =IF(COUNT(AI86:AP86)<8,"",1-AVERAGE(AI86:AP86)) -> 0.4375 | AS86: bag | AT86: =IF(COUNT(AI86:AL86,AO86:AP86)<6,"",1-AVERAGE(AI86:AL86,AO86:AP86)) -> 0.58333333 | AU86: =IF(AND($I86="yes",$C86<=1949,K86<>""),K86,"") | AV86: =IF(AND($I86="yes",$C86<=1949,L86<>""),L86,"") | AW86: =IF(AND($I86="yes",$C86<=1949,M86<>""),M86,"") | AX86: =IF(AND($I86="yes",$C86<=1949,N86<>""),N86,"") | AY86: =IF(AND($I86="yes",$C86<=1949,O86<>""),O86,"") | AZ86: =IF(AND($I86="yes",$C86<=1949,P86<>""),P86,"") | BA86: =IF(AND($I86="yes",$C86<=1949,Q86<>""),Q86,"") | BB86: =IF(AND($I86="yes",$C86<=1949,R86<>""),R86,"") | BC86: =IF(AND($I86="yes",$C86>=2000,K86<>""),K86,"") -> 3 | BD86: =IF(AND($I86="yes",$C86>=2000,L86<>""),L86,"") -> 3 | BE86: =IF(AND($I86="yes",$C86>=2000,M86<>""),M86,"") -> 3 | BF86: =IF(AND($I86="yes",$C86>=2000,N86<>""),N86,"") -> 4 | BG86: =IF(AND($I86="yes",$C86>=2000,O86<>""),O86,"") -> 5 | BH86: =IF(AND($I86="yes",$C86>=2000,P86<>""),P86,"") -> 5 | BI86: =IF(AND($I86="yes",$C86>=2000,Q86<>""),Q86,"") -> 1 | BJ86: =IF(AND($I86="yes",$C86>=2000,R86<>""),R86,"") -> 4
A87: 83 | B87: Christopher' backpack | C87: 2017 | D87: =IF(C87="","",FLOOR(C87,10)) -> 2010 | E87: Victoria and Albert Museum | F87: https://collections.vam.ac.uk/item/O1532382/christopher-backpack-bag-louis-vuitton/ | G87: LV0083.png | H87: yes | I87: yes | K87: 2 | L87: 3 | M87: 4 | N87: 4 | O87: 2 | P87: 1 | Q87: 2 | R87: 4 | S87: =IF(K87="","",(K87-1)/4) -> 0.25 | T87: =IF(L87="","",(L87-1)/4) -> 0.5 | U87: =IF(M87="","",(M87-1)/4) -> 0.75 | V87: =IF(N87="","",(N87-1)/4) -> 0.75 | W87: =IF(O87="","",(O87-1)/4) -> 0.25 | X87: =IF(P87="","",(P87-1)/4) -> 0 | Y87: =IF(Q87="","",(Q87-1)/4) -> 0.25 | Z87: =IF(R87="","",(R87-1)/4) -> 0.75 | AA87: =IF(AND(S87<>"",C87<=1949,I87="yes"),S87,"") | AB87: =IF(AND(T87<>"",C87<=1949,I87="yes"),T87,"") | AC87: =IF(AND(U87<>"",C87<=1949,I87="yes"),U87,"") | AD87: =IF(AND(V87<>"",C87<=1949,I87="yes"),V87,"") | AE87: =IF(AND(W87<>"",C87<=1949,I87="yes"),W87,"") | AF87: =IF(AND(X87<>"",C87<=1949,I87="yes"),X87,"") | AG87: =IF(AND(Y87<>"",C87<=1949,I87="yes"),Y87,"") | AH87: =IF(AND(Z87<>"",C87<=1949,I87="yes"),Z87,"") | AI87: =IF(OR(S87="",'4_BENCHMARK'!$C$4=""),"",ABS(S87-'4_BENCHMARK'!$C$4)) -> 0.75 | AJ87: =IF(OR(T87="",'4_BENCHMARK'!$C$5=""),"",ABS(T87-'4_BENCHMARK'!$C$5)) -> 0.5 | AK87: =IF(OR(U87="",'4_BENCHMARK'!$C$6=""),"",ABS(U87-'4_BENCHMARK'!$C$6)) -> 0.25 | AL87: =IF(OR(V87="",'4_BENCHMARK'!$C$7=""),"",ABS(V87-'4_BENCHMARK'!$C$7)) -> 0.25 | AM87: =IF(OR(W87="",'4_BENCHMARK'!$C$8=""),"",ABS(W87-'4_BENCHMARK'!$C$8)) -> 0.25 | AN87: =IF(OR(X87="",'4_BENCHMARK'!$C$9=""),"",ABS(X87-'4_BENCHMARK'!$C$9)) -> 0 | AO87: =IF(OR(Y87="",'4_BENCHMARK'!$C$10=""),"",ABS(Y87-'4_BENCHMARK'!$C$10)) -> 0.25 | AP87: =IF(OR(Z87="",'4_BENCHMARK'!$C$11=""),"",ABS(Z87-'4_BENCHMARK'!$C$11)) -> 0.25 | AQ87: =IF(COUNT(AI87:AP87)<8,"",1-AVERAGE(AI87:AP87)) -> 0.6875 | AS87: bag | AT87: =IF(COUNT(AI87:AL87,AO87:AP87)<6,"",1-AVERAGE(AI87:AL87,AO87:AP87)) -> 0.625 | AU87: =IF(AND($I87="yes",$C87<=1949,K87<>""),K87,"") | AV87: =IF(AND($I87="yes",$C87<=1949,L87<>""),L87,"") | AW87: =IF(AND($I87="yes",$C87<=1949,M87<>""),M87,"") | AX87: =IF(AND($I87="yes",$C87<=1949,N87<>""),N87,"") | AY87: =IF(AND($I87="yes",$C87<=1949,O87<>""),O87,"") | AZ87: =IF(AND($I87="yes",$C87<=1949,P87<>""),P87,"") | BA87: =IF(AND($I87="yes",$C87<=1949,Q87<>""),Q87,"") | BB87: =IF(AND($I87="yes",$C87<=1949,R87<>""),R87,"") | BC87: =IF(AND($I87="yes",$C87>=2000,K87<>""),K87,"") -> 2 | BD87: =IF(AND($I87="yes",$C87>=2000,L87<>""),L87,"") -> 3 | BE87: =IF(AND($I87="yes",$C87>=2000,M87<>""),M87,"") -> 4 | BF87: =IF(AND($I87="yes",$C87>=2000,N87<>""),N87,"") -> 4 | BG87: =IF(AND($I87="yes",$C87>=2000,O87<>""),O87,"") -> 2 | BH87: =IF(AND($I87="yes",$C87>=2000,P87<>""),P87,"") -> 1 | BI87: =IF(AND($I87="yes",$C87>=2000,Q87<>""),Q87,"") -> 2 | BJ87: =IF(AND($I87="yes",$C87>=2000,R87<>""),R87,"") -> 4
A88: 84 | B88: Graffiti Keepall 50' bag | C88: 2001 | D88: =IF(C88="","",FLOOR(C88,10)) -> 2000 | E88: Victoria and Albert Museum | F88: https://collections.vam.ac.uk/item/O1518732/graffiti-keepall-50-bag-bag-sprouse-stephen/ | G88: LV0084.png | H88: yes | I88: yes | K88: 3 | L88: 3 | M88: 4 | N88: 4 | O88: 5 | P88: 3 | Q88: 2 | R88: 4 | S88: =IF(K88="","",(K88-1)/4) -> 0.5 | T88: =IF(L88="","",(L88-1)/4) -> 0.5 | U88: =IF(M88="","",(M88-1)/4) -> 0.75 | V88: =IF(N88="","",(N88-1)/4) -> 0.75 | W88: =IF(O88="","",(O88-1)/4) -> 1 | X88: =IF(P88="","",(P88-1)/4) -> 0.5 | Y88: =IF(Q88="","",(Q88-1)/4) -> 0.25 | Z88: =IF(R88="","",(R88-1)/4) -> 0.75 | AA88: =IF(AND(S88<>"",C88<=1949,I88="yes"),S88,"") | AB88: =IF(AND(T88<>"",C88<=1949,I88="yes"),T88,"") | AC88: =IF(AND(U88<>"",C88<=1949,I88="yes"),U88,"") | AD88: =IF(AND(V88<>"",C88<=1949,I88="yes"),V88,"") | AE88: =IF(AND(W88<>"",C88<=1949,I88="yes"),W88,"") | AF88: =IF(AND(X88<>"",C88<=1949,I88="yes"),X88,"") | AG88: =IF(AND(Y88<>"",C88<=1949,I88="yes"),Y88,"") | AH88: =IF(AND(Z88<>"",C88<=1949,I88="yes"),Z88,"") | AI88: =IF(OR(S88="",'4_BENCHMARK'!$C$4=""),"",ABS(S88-'4_BENCHMARK'!$C$4)) -> 0.5 | AJ88: =IF(OR(T88="",'4_BENCHMARK'!$C$5=""),"",ABS(T88-'4_BENCHMARK'!$C$5)) -> 0.5 | AK88: =IF(OR(U88="",'4_BENCHMARK'!$C$6=""),"",ABS(U88-'4_BENCHMARK'!$C$6)) -> 0.25 | AL88: =IF(OR(V88="",'4_BENCHMARK'!$C$7=""),"",ABS(V88-'4_BENCHMARK'!$C$7)) -> 0.25 | AM88: =IF(OR(W88="",'4_BENCHMARK'!$C$8=""),"",ABS(W88-'4_BENCHMARK'!$C$8)) -> 1 | AN88: =IF(OR(X88="",'4_BENCHMARK'!$C$9=""),"",ABS(X88-'4_BENCHMARK'!$C$9)) -> 0.5 | AO88: =IF(OR(Y88="",'4_BENCHMARK'!$C$10=""),"",ABS(Y88-'4_BENCHMARK'!$C$10)) -> 0.25 | AP88: =IF(OR(Z88="",'4_BENCHMARK'!$C$11=""),"",ABS(Z88-'4_BENCHMARK'!$C$11)) -> 0.25 | AQ88: =IF(COUNT(AI88:AP88)<8,"",1-AVERAGE(AI88:AP88)) -> 0.5625 | AS88: bag | AT88: =IF(COUNT(AI88:AL88,AO88:AP88)<6,"",1-AVERAGE(AI88:AL88,AO88:AP88)) -> 0.66666667 | AU88: =IF(AND($I88="yes",$C88<=1949,K88<>""),K88,"") | AV88: =IF(AND($I88="yes",$C88<=1949,L88<>""),L88,"") | AW88: =IF(AND($I88="yes",$C88<=1949,M88<>""),M88,"") | AX88: =IF(AND($I88="yes",$C88<=1949,N88<>""),N88,"") | AY88: =IF(AND($I88="yes",$C88<=1949,O88<>""),O88,"") | AZ88: =IF(AND($I88="yes",$C88<=1949,P88<>""),P88,"") | BA88: =IF(AND($I88="yes",$C88<=1949,Q88<>""),Q88,"") | BB88: =IF(AND($I88="yes",$C88<=1949,R88<>""),R88,"") | BC88: =IF(AND($I88="yes",$C88>=2000,K88<>""),K88,"") -> 3 | BD88: =IF(AND($I88="yes",$C88>=2000,L88<>""),L88,"") -> 3 | BE88: =IF(AND($I88="yes",$C88>=2000,M88<>""),M88,"") -> 4 | BF88: =IF(AND($I88="yes",$C88>=2000,N88<>""),N88,"") -> 4 | BG88: =IF(AND($I88="yes",$C88>=2000,O88<>""),O88,"") -> 5 | BH88: =IF(AND($I88="yes",$C88>=2000,P88<>""),P88,"") -> 3 | BI88: =IF(AND($I88="yes",$C88>=2000,Q88<>""),Q88,"") -> 2 | BJ88: =IF(AND($I88="yes",$C88>=2000,R88<>""),R88,"") -> 4
A89: 85 | B89: ‘Eye Need You’ bag | C89: 2003 | D89: =IF(C89="","",FLOOR(C89,10)) -> 2000 | E89: Victoria and Albert Museum | F89: https://collections.vam.ac.uk/item/O1500006/eye-need-you-bag-handbag-murakami-takashi/ | G89: LV0085.png | H89: yes | I89: yes | K89: 3 | L89: 3 | M89: 4 | N89: 4 | O89: 5 | P89: 4 | Q89: 2 | R89: 3 | S89: =IF(K89="","",(K89-1)/4) -> 0.5 | T89: =IF(L89="","",(L89-1)/4) -> 0.5 | U89: =IF(M89="","",(M89-1)/4) -> 0.75 | V89: =IF(N89="","",(N89-1)/4) -> 0.75 | W89: =IF(O89="","",(O89-1)/4) -> 1 | X89: =IF(P89="","",(P89-1)/4) -> 0.75 | Y89: =IF(Q89="","",(Q89-1)/4) -> 0.25 | Z89: =IF(R89="","",(R89-1)/4) -> 0.5 | AA89: =IF(AND(S89<>"",C89<=1949,I89="yes"),S89,"") | AB89: =IF(AND(T89<>"",C89<=1949,I89="yes"),T89,"") | AC89: =IF(AND(U89<>"",C89<=1949,I89="yes"),U89,"") | AD89: =IF(AND(V89<>"",C89<=1949,I89="yes"),V89,"") | AE89: =IF(AND(W89<>"",C89<=1949,I89="yes"),W89,"") | AF89: =IF(AND(X89<>"",C89<=1949,I89="yes"),X89,"") | AG89: =IF(AND(Y89<>"",C89<=1949,I89="yes"),Y89,"") | AH89: =IF(AND(Z89<>"",C89<=1949,I89="yes"),Z89,"") | AI89: =IF(OR(S89="",'4_BENCHMARK'!$C$4=""),"",ABS(S89-'4_BENCHMARK'!$C$4)) -> 0.5 | AJ89: =IF(OR(T89="",'4_BENCHMARK'!$C$5=""),"",ABS(T89-'4_BENCHMARK'!$C$5)) -> 0.5 | AK89: =IF(OR(U89="",'4_BENCHMARK'!$C$6=""),"",ABS(U89-'4_BENCHMARK'!$C$6)) -> 0.25 | AL89: =IF(OR(V89="",'4_BENCHMARK'!$C$7=""),"",ABS(V89-'4_BENCHMARK'!$C$7)) -> 0.25 | AM89: =IF(OR(W89="",'4_BENCHMARK'!$C$8=""),"",ABS(W89-'4_BENCHMARK'!$C$8)) -> 1 | AN89: =IF(OR(X89="",'4_BENCHMARK'!$C$9=""),"",ABS(X89-'4_BENCHMARK'!$C$9)) -> 0.75 | AO89: =IF(OR(Y89="",'4_BENCHMARK'!$C$10=""),"",ABS(Y89-'4_BENCHMARK'!$C$10)) -> 0.25 | AP89: =IF(OR(Z89="",'4_BENCHMARK'!$C$11=""),"",ABS(Z89-'4_BENCHMARK'!$C$11)) -> 0.5 | AQ89: =IF(COUNT(AI89:AP89)<8,"",1-AVERAGE(AI89:AP89)) -> 0.5 | AS89: bag | AT89: =IF(COUNT(AI89:AL89,AO89:AP89)<6,"",1-AVERAGE(AI89:AL89,AO89:AP89)) -> 0.625 | AU89: =IF(AND($I89="yes",$C89<=1949,K89<>""),K89,"") | AV89: =IF(AND($I89="yes",$C89<=1949,L89<>""),L89,"") | AW89: =IF(AND($I89="yes",$C89<=1949,M89<>""),M89,"") | AX89: =IF(AND($I89="yes",$C89<=1949,N89<>""),N89,"") | AY89: =IF(AND($I89="yes",$C89<=1949,O89<>""),O89,"") | AZ89: =IF(AND($I89="yes",$C89<=1949,P89<>""),P89,"") | BA89: =IF(AND($I89="yes",$C89<=1949,Q89<>""),Q89,"") | BB89: =IF(AND($I89="yes",$C89<=1949,R89<>""),R89,"") | BC89: =IF(AND($I89="yes",$C89>=2000,K89<>""),K89,"") -> 3 | BD89: =IF(AND($I89="yes",$C89>=2000,L89<>""),L89,"") -> 3 | BE89: =IF(AND($I89="yes",$C89>=2000,M89<>""),M89,"") -> 4 | BF89: =IF(AND($I89="yes",$C89>=2000,N89<>""),N89,"") -> 4 | BG89: =IF(AND($I89="yes",$C89>=2000,O89<>""),O89,"") -> 5 | BH89: =IF(AND($I89="yes",$C89>=2000,P89<>""),P89,"") -> 4 | BI89: =IF(AND($I89="yes",$C89>=2000,Q89<>""),Q89,"") -> 2 | BJ89: =IF(AND($I89="yes",$C89>=2000,R89<>""),R89,"") -> 3
A90: 86 | B90: A GROUP OF TWO: A NAVY BLUE CALFSKIN LEATHER & BEADS FLEURS D'ASNIÈRES CAPUCINES BB WITH GOLD HARDWARE AND A MAGNOLIA TAURILLON LEATHER STUDDED CAPUCINES BB WITH GOLD & SILVER HARDWARE | C90: 2018 | D90: =IF(C90="","",FLOOR(C90,10)) -> 2010 | E90: Christie's | F90: https://onlineonly.christies.com/s/handbags-online-paris-edit-unlocking-orange-dream-part-ii/group-two-navy-blue-calfskin-leather-beads-fleurs-dasnieres-capucines-140/257142 | G90: LV0086.png | H90: yes | I90: yes | K90: 3 | L90: 3 | M90: 4 | N90: 4 | O90: 4 | P90: 4 | Q90: 2 | R90: 4 | S90: =IF(K90="","",(K90-1)/4) -> 0.5 | T90: =IF(L90="","",(L90-1)/4) -> 0.5 | U90: =IF(M90="","",(M90-1)/4) -> 0.75 | V90: =IF(N90="","",(N90-1)/4) -> 0.75 | W90: =IF(O90="","",(O90-1)/4) -> 0.75 | X90: =IF(P90="","",(P90-1)/4) -> 0.75 | Y90: =IF(Q90="","",(Q90-1)/4) -> 0.25 | Z90: =IF(R90="","",(R90-1)/4) -> 0.75 | AA90: =IF(AND(S90<>"",C90<=1949,I90="yes"),S90,"") | AB90: =IF(AND(T90<>"",C90<=1949,I90="yes"),T90,"") | AC90: =IF(AND(U90<>"",C90<=1949,I90="yes"),U90,"") | AD90: =IF(AND(V90<>"",C90<=1949,I90="yes"),V90,"") | AE90: =IF(AND(W90<>"",C90<=1949,I90="yes"),W90,"") | AF90: =IF(AND(X90<>"",C90<=1949,I90="yes"),X90,"") | AG90: =IF(AND(Y90<>"",C90<=1949,I90="yes"),Y90,"") | AH90: =IF(AND(Z90<>"",C90<=1949,I90="yes"),Z90,"") | AI90: =IF(OR(S90="",'4_BENCHMARK'!$C$4=""),"",ABS(S90-'4_BENCHMARK'!$C$4)) -> 0.5 | AJ90: =IF(OR(T90="",'4_BENCHMARK'!$C$5=""),"",ABS(T90-'4_BENCHMARK'!$C$5)) -> 0.5 | AK90: =IF(OR(U90="",'4_BENCHMARK'!$C$6=""),"",ABS(U90-'4_BENCHMARK'!$C$6)) -> 0.25 | AL90: =IF(OR(V90="",'4_BENCHMARK'!$C$7=""),"",ABS(V90-'4_BENCHMARK'!$C$7)) -> 0.25 | AM90: =IF(OR(W90="",'4_BENCHMARK'!$C$8=""),"",ABS(W90-'4_BENCHMARK'!$C$8)) -> 0.75 | AN90: =IF(OR(X90="",'4_BENCHMARK'!$C$9=""),"",ABS(X90-'4_BENCHMARK'!$C$9)) -> 0.75 | AO90: =IF(OR(Y90="",'4_BENCHMARK'!$C$10=""),"",ABS(Y90-'4_BENCHMARK'!$C$10)) -> 0.25 | AP90: =IF(OR(Z90="",'4_BENCHMARK'!$C$11=""),"",ABS(Z90-'4_BENCHMARK'!$C$11)) -> 0.25 | AQ90: =IF(COUNT(AI90:AP90)<8,"",1-AVERAGE(AI90:AP90)) -> 0.5625 | AS90: bag | AT90: =IF(COUNT(AI90:AL90,AO90:AP90)<6,"",1-AVERAGE(AI90:AL90,AO90:AP90)) -> 0.66666667 | AU90: =IF(AND($I90="yes",$C90<=1949,K90<>""),K90,"") | AV90: =IF(AND($I90="yes",$C90<=1949,L90<>""),L90,"") | AW90: =IF(AND($I90="yes",$C90<=1949,M90<>""),M90,"") | AX90: =IF(AND($I90="yes",$C90<=1949,N90<>""),N90,"") | AY90: =IF(AND($I90="yes",$C90<=1949,O90<>""),O90,"") | AZ90: =IF(AND($I90="yes",$C90<=1949,P90<>""),P90,"") | BA90: =IF(AND($I90="yes",$C90<=1949,Q90<>""),Q90,"") | BB90: =IF(AND($I90="yes",$C90<=1949,R90<>""),R90,"") | BC90: =IF(AND($I90="yes",$C90>=2000,K90<>""),K90,"") -> 3 | BD90: =IF(AND($I90="yes",$C90>=2000,L90<>""),L90,"") -> 3 | BE90: =IF(AND($I90="yes",$C90>=2000,M90<>""),M90,"") -> 4 | BF90: =IF(AND($I90="yes",$C90>=2000,N90<>""),N90,"") -> 4 | BG90: =IF(AND($I90="yes",$C90>=2000,O90<>""),O90,"") -> 4 | BH90: =IF(AND($I90="yes",$C90>=2000,P90<>""),P90,"") -> 4 | BI90: =IF(AND($I90="yes",$C90>=2000,Q90<>""),Q90,"") -> 2 | BJ90: =IF(AND($I90="yes",$C90>=2000,R90<>""),R90,"") -> 4
A91: 87 | B91: A SHINY BLUE CROCODILE LOCKIT MM WITH SILVER HARDWARE | C91: 2014 | D91: =IF(C91="","",FLOOR(C91,10)) -> 2010 | E91: Christie's | F91: https://www.christies.com/en/lot/lot-5998315 | G91: LV0087.png | H91: yes | I91: yes | K91: 2 | L91: 4 | M91: 4 | N91: 4 | O91: 1 | P91: 1 | Q91: 2 | R91: 4 | S91: =IF(K91="","",(K91-1)/4) -> 0.25 | T91: =IF(L91="","",(L91-1)/4) -> 0.75 | U91: =IF(M91="","",(M91-1)/4) -> 0.75 | V91: =IF(N91="","",(N91-1)/4) -> 0.75 | W91: =IF(O91="","",(O91-1)/4) -> 0 | X91: =IF(P91="","",(P91-1)/4) -> 0 | Y91: =IF(Q91="","",(Q91-1)/4) -> 0.25 | Z91: =IF(R91="","",(R91-1)/4) -> 0.75 | AA91: =IF(AND(S91<>"",C91<=1949,I91="yes"),S91,"") | AB91: =IF(AND(T91<>"",C91<=1949,I91="yes"),T91,"") | AC91: =IF(AND(U91<>"",C91<=1949,I91="yes"),U91,"") | AD91: =IF(AND(V91<>"",C91<=1949,I91="yes"),V91,"") | AE91: =IF(AND(W91<>"",C91<=1949,I91="yes"),W91,"") | AF91: =IF(AND(X91<>"",C91<=1949,I91="yes"),X91,"") | AG91: =IF(AND(Y91<>"",C91<=1949,I91="yes"),Y91,"") | AH91: =IF(AND(Z91<>"",C91<=1949,I91="yes"),Z91,"") | AI91: =IF(OR(S91="",'4_BENCHMARK'!$C$4=""),"",ABS(S91-'4_BENCHMARK'!$C$4)) -> 0.75 | AJ91: =IF(OR(T91="",'4_BENCHMARK'!$C$5=""),"",ABS(T91-'4_BENCHMARK'!$C$5)) -> 0.25 | AK91: =IF(OR(U91="",'4_BENCHMARK'!$C$6=""),"",ABS(U91-'4_BENCHMARK'!$C$6)) -> 0.25 | AL91: =IF(OR(V91="",'4_BENCHMARK'!$C$7=""),"",ABS(V91-'4_BENCHMARK'!$C$7)) -> 0.25 | AM91: =IF(OR(W91="",'4_BENCHMARK'!$C$8=""),"",ABS(W91-'4_BENCHMARK'!$C$8)) -> 0 | AN91: =IF(OR(X91="",'4_BENCHMARK'!$C$9=""),"",ABS(X91-'4_BENCHMARK'!$C$9)) -> 0 | AO91: =IF(OR(Y91="",'4_BENCHMARK'!$C$10=""),"",ABS(Y91-'4_BENCHMARK'!$C$10)) -> 0.25 | AP91: =IF(OR(Z91="",'4_BENCHMARK'!$C$11=""),"",ABS(Z91-'4_BENCHMARK'!$C$11)) -> 0.25 | AQ91: =IF(COUNT(AI91:AP91)<8,"",1-AVERAGE(AI91:AP91)) -> 0.75 | AS91: bag | AT91: =IF(COUNT(AI91:AL91,AO91:AP91)<6,"",1-AVERAGE(AI91:AL91,AO91:AP91)) -> 0.66666667 | AU91: =IF(AND($I91="yes",$C91<=1949,K91<>""),K91,"") | AV91: =IF(AND($I91="yes",$C91<=1949,L91<>""),L91,"") | AW91: =IF(AND($I91="yes",$C91<=1949,M91<>""),M91,"") | AX91: =IF(AND($I91="yes",$C91<=1949,N91<>""),N91,"") | AY91: =IF(AND($I91="yes",$C91<=1949,O91<>""),O91,"") | AZ91: =IF(AND($I91="yes",$C91<=1949,P91<>""),P91,"") | BA91: =IF(AND($I91="yes",$C91<=1949,Q91<>""),Q91,"") | BB91: =IF(AND($I91="yes",$C91<=1949,R91<>""),R91,"") | BC91: =IF(AND($I91="yes",$C91>=2000,K91<>""),K91,"") -> 2 | BD91: =IF(AND($I91="yes",$C91>=2000,L91<>""),L91,"") -> 4 | BE91: =IF(AND($I91="yes",$C91>=2000,M91<>""),M91,"") -> 4 | BF91: =IF(AND($I91="yes",$C91>=2000,N91<>""),N91,"") -> 4 | BG91: =IF(AND($I91="yes",$C91>=2000,O91<>""),O91,"") -> 1 | BH91: =IF(AND($I91="yes",$C91>=2000,P91<>""),P91,"") -> 1 | BI91: =IF(AND($I91="yes",$C91>=2000,Q91<>""),Q91,"") -> 2 | BJ91: =IF(AND($I91="yes",$C91>=2000,R91<>""),R91,"") -> 4
A92: 88 | B92: A SILK, CASHMERE & EMBROIDERY GARDEN IN HELL SAC WEEKEND BY JAKE & DINOS CHAPMAN, No. 7/10 | C92: 2013 | D92: =IF(C92="","",FLOOR(C92,10)) -> 2010 | E92: Christie's | F92: https://www.christies.com/en/lot/lot-5998391 | G92: LV0088.png | H92: yes | I92: yes | K92: 2 | L92: 4 | M92: 4 | N92: 3 | O92: 5 | P92: 1 | Q92: 2 | R92: 4 | S92: =IF(K92="","",(K92-1)/4) -> 0.25 | T92: =IF(L92="","",(L92-1)/4) -> 0.75 | U92: =IF(M92="","",(M92-1)/4) -> 0.75 | V92: =IF(N92="","",(N92-1)/4) -> 0.5 | W92: =IF(O92="","",(O92-1)/4) -> 1 | X92: =IF(P92="","",(P92-1)/4) -> 0 | Y92: =IF(Q92="","",(Q92-1)/4) -> 0.25 | Z92: =IF(R92="","",(R92-1)/4) -> 0.75 | AA92: =IF(AND(S92<>"",C92<=1949,I92="yes"),S92,"") | AB92: =IF(AND(T92<>"",C92<=1949,I92="yes"),T92,"") | AC92: =IF(AND(U92<>"",C92<=1949,I92="yes"),U92,"") | AD92: =IF(AND(V92<>"",C92<=1949,I92="yes"),V92,"") | AE92: =IF(AND(W92<>"",C92<=1949,I92="yes"),W92,"") | AF92: =IF(AND(X92<>"",C92<=1949,I92="yes"),X92,"") | AG92: =IF(AND(Y92<>"",C92<=1949,I92="yes"),Y92,"") | AH92: =IF(AND(Z92<>"",C92<=1949,I92="yes"),Z92,"") | AI92: =IF(OR(S92="",'4_BENCHMARK'!$C$4=""),"",ABS(S92-'4_BENCHMARK'!$C$4)) -> 0.75 | AJ92: =IF(OR(T92="",'4_BENCHMARK'!$C$5=""),"",ABS(T92-'4_BENCHMARK'!$C$5)) -> 0.25 | AK92: =IF(OR(U92="",'4_BENCHMARK'!$C$6=""),"",ABS(U92-'4_BENCHMARK'!$C$6)) -> 0.25 | AL92: =IF(OR(V92="",'4_BENCHMARK'!$C$7=""),"",ABS(V92-'4_BENCHMARK'!$C$7)) -> 0.5 | AM92: =IF(OR(W92="",'4_BENCHMARK'!$C$8=""),"",ABS(W92-'4_BENCHMARK'!$C$8)) -> 1 | AN92: =IF(OR(X92="",'4_BENCHMARK'!$C$9=""),"",ABS(X92-'4_BENCHMARK'!$C$9)) -> 0 | AO92: =IF(OR(Y92="",'4_BENCHMARK'!$C$10=""),"",ABS(Y92-'4_BENCHMARK'!$C$10)) -> 0.25 | AP92: =IF(OR(Z92="",'4_BENCHMARK'!$C$11=""),"",ABS(Z92-'4_BENCHMARK'!$C$11)) -> 0.25 | AQ92: =IF(COUNT(AI92:AP92)<8,"",1-AVERAGE(AI92:AP92)) -> 0.59375 | AS92: bag | AT92: =IF(COUNT(AI92:AL92,AO92:AP92)<6,"",1-AVERAGE(AI92:AL92,AO92:AP92)) -> 0.625 | AU92: =IF(AND($I92="yes",$C92<=1949,K92<>""),K92,"") | AV92: =IF(AND($I92="yes",$C92<=1949,L92<>""),L92,"") | AW92: =IF(AND($I92="yes",$C92<=1949,M92<>""),M92,"") | AX92: =IF(AND($I92="yes",$C92<=1949,N92<>""),N92,"") | AY92: =IF(AND($I92="yes",$C92<=1949,O92<>""),O92,"") | AZ92: =IF(AND($I92="yes",$C92<=1949,P92<>""),P92,"") | BA92: =IF(AND($I92="yes",$C92<=1949,Q92<>""),Q92,"") | BB92: =IF(AND($I92="yes",$C92<=1949,R92<>""),R92,"") | BC92: =IF(AND($I92="yes",$C92>=2000,K92<>""),K92,"") -> 2 | BD92: =IF(AND($I92="yes",$C92>=2000,L92<>""),L92,"") -> 4 | BE92: =IF(AND($I92="yes",$C92>=2000,M92<>""),M92,"") -> 4 | BF92: =IF(AND($I92="yes",$C92>=2000,N92<>""),N92,"") -> 3 | BG92: =IF(AND($I92="yes",$C92>=2000,O92<>""),O92,"") -> 5 | BH92: =IF(AND($I92="yes",$C92>=2000,P92<>""),P92,"") -> 1 | BI92: =IF(AND($I92="yes",$C92>=2000,Q92<>""),Q92,"") -> 2 | BJ92: =IF(AND($I92="yes",$C92>=2000,R92<>""),R92,"") -> 4
A93: 89 | B93: A CANVAS ALUMINIUM BOUND TRUNK | C93: 1896 | D93: =IF(C93="","",FLOOR(C93,10)) -> 1890 | E93: Christie's | F93: https://www.christies.com/en/lot/lot-6234573 | G93: LV0089.png | H93: no | I93: yes | K93: 5 | L93: 5 | M93: 5 | N93: 5 | O93: 1 | P93: 1 | Q93: 3 | R93: 5 | S93: =IF(K93="","",(K93-1)/4) -> 1 | T93: =IF(L93="","",(L93-1)/4) -> 1 | U93: =IF(M93="","",(M93-1)/4) -> 1 | V93: =IF(N93="","",(N93-1)/4) -> 1 | W93: =IF(O93="","",(O93-1)/4) -> 0 | X93: =IF(P93="","",(P93-1)/4) -> 0 | Y93: =IF(Q93="","",(Q93-1)/4) -> 0.5 | Z93: =IF(R93="","",(R93-1)/4) -> 1 | AA93: =IF(AND(S93<>"",C93<=1949,I93="yes"),S93,"") -> 1 | AB93: =IF(AND(T93<>"",C93<=1949,I93="yes"),T93,"") -> 1 | AC93: =IF(AND(U93<>"",C93<=1949,I93="yes"),U93,"") -> 1 | AD93: =IF(AND(V93<>"",C93<=1949,I93="yes"),V93,"") -> 1 | AE93: =IF(AND(W93<>"",C93<=1949,I93="yes"),W93,"") -> 0 | AF93: =IF(AND(X93<>"",C93<=1949,I93="yes"),X93,"") -> 0 | AG93: =IF(AND(Y93<>"",C93<=1949,I93="yes"),Y93,"") -> 0.5 | AH93: =IF(AND(Z93<>"",C93<=1949,I93="yes"),Z93,"") -> 1 | AI93: =IF(OR(S93="",'4_BENCHMARK'!$C$4=""),"",ABS(S93-'4_BENCHMARK'!$C$4)) -> 0 | AJ93: =IF(OR(T93="",'4_BENCHMARK'!$C$5=""),"",ABS(T93-'4_BENCHMARK'!$C$5)) -> 0 | AK93: =IF(OR(U93="",'4_BENCHMARK'!$C$6=""),"",ABS(U93-'4_BENCHMARK'!$C$6)) -> 0 | AL93: =IF(OR(V93="",'4_BENCHMARK'!$C$7=""),"",ABS(V93-'4_BENCHMARK'!$C$7)) -> 0 | AM93: =IF(OR(W93="",'4_BENCHMARK'!$C$8=""),"",ABS(W93-'4_BENCHMARK'!$C$8)) -> 0 | AN93: =IF(OR(X93="",'4_BENCHMARK'!$C$9=""),"",ABS(X93-'4_BENCHMARK'!$C$9)) -> 0 | AO93: =IF(OR(Y93="",'4_BENCHMARK'!$C$10=""),"",ABS(Y93-'4_BENCHMARK'!$C$10)) -> 0 | AP93: =IF(OR(Z93="",'4_BENCHMARK'!$C$11=""),"",ABS(Z93-'4_BENCHMARK'!$C$11)) -> 0 | AQ93: =IF(COUNT(AI93:AP93)<8,"",1-AVERAGE(AI93:AP93)) -> 1 | AS93: trunk | AT93: =IF(COUNT(AI93:AL93,AO93:AP93)<6,"",1-AVERAGE(AI93:AL93,AO93:AP93)) -> 1 | AU93: =IF(AND($I93="yes",$C93<=1949,K93<>""),K93,"") -> 5 | AV93: =IF(AND($I93="yes",$C93<=1949,L93<>""),L93,"") -> 5 | AW93: =IF(AND($I93="yes",$C93<=1949,M93<>""),M93,"") -> 5 | AX93: =IF(AND($I93="yes",$C93<=1949,N93<>""),N93,"") -> 5 | AY93: =IF(AND($I93="yes",$C93<=1949,O93<>""),O93,"") -> 1 | AZ93: =IF(AND($I93="yes",$C93<=1949,P93<>""),P93,"") -> 1 | BA93: =IF(AND($I93="yes",$C93<=1949,Q93<>""),Q93,"") -> 3 | BB93: =IF(AND($I93="yes",$C93<=1949,R93<>""),R93,"") -> 5 | BC93: =IF(AND($I93="yes",$C93>=2000,K93<>""),K93,"") | BD93: =IF(AND($I93="yes",$C93>=2000,L93<>""),L93,"") | BE93: =IF(AND($I93="yes",$C93>=2000,M93<>""),M93,"") | BF93: =IF(AND($I93="yes",$C93>=2000,N93<>""),N93,"") | BG93: =IF(AND($I93="yes",$C93>=2000,O93<>""),O93,"") | BH93: =IF(AND($I93="yes",$C93>=2000,P93<>""),P93,"") | BI93: =IF(AND($I93="yes",$C93>=2000,Q93<>""),Q93,"") | BJ93: =IF(AND($I93="yes",$C93>=2000,R93<>""),R93,"")
A94: 90 | B94: A LIMITED EDITION CLASSIC CANVAS SUPERFLAT JEWELLERY BOX BY TAKASHI MURAKAMI | C94: 2003 | D94: =IF(C94="","",FLOOR(C94,10)) -> 2000 | E94: Christie's | F94: https://onlineonly.christies.com/s/handbags-online-london-edition/limited-edition-classic-canvas-superflat-jewellery-box-takashi-109/88138 | G94: LV0090.png | H94: yes | I94: yes | J94: interesting pattern | K94: 5 | L94: 5 | M94: 5 | N94: 4 | O94: 5 | P94: 3 | Q94: 2 | R94: 4 | S94: =IF(K94="","",(K94-1)/4) -> 1 | T94: =IF(L94="","",(L94-1)/4) -> 1 | U94: =IF(M94="","",(M94-1)/4) -> 1 | V94: =IF(N94="","",(N94-1)/4) -> 0.75 | W94: =IF(O94="","",(O94-1)/4) -> 1 | X94: =IF(P94="","",(P94-1)/4) -> 0.5 | Y94: =IF(Q94="","",(Q94-1)/4) -> 0.25 | Z94: =IF(R94="","",(R94-1)/4) -> 0.75 | AA94: =IF(AND(S94<>"",C94<=1949,I94="yes"),S94,"") | AB94: =IF(AND(T94<>"",C94<=1949,I94="yes"),T94,"") | AC94: =IF(AND(U94<>"",C94<=1949,I94="yes"),U94,"") | AD94: =IF(AND(V94<>"",C94<=1949,I94="yes"),V94,"") | AE94: =IF(AND(W94<>"",C94<=1949,I94="yes"),W94,"") | AF94: =IF(AND(X94<>"",C94<=1949,I94="yes"),X94,"") | AG94: =IF(AND(Y94<>"",C94<=1949,I94="yes"),Y94,"") | AH94: =IF(AND(Z94<>"",C94<=1949,I94="yes"),Z94,"") | AI94: =IF(OR(S94="",'4_BENCHMARK'!$C$4=""),"",ABS(S94-'4_BENCHMARK'!$C$4)) -> 0 | AJ94: =IF(OR(T94="",'4_BENCHMARK'!$C$5=""),"",ABS(T94-'4_BENCHMARK'!$C$5)) -> 0 | AK94: =IF(OR(U94="",'4_BENCHMARK'!$C$6=""),"",ABS(U94-'4_BENCHMARK'!$C$6)) -> 0 | AL94: =IF(OR(V94="",'4_BENCHMARK'!$C$7=""),"",ABS(V94-'4_BENCHMARK'!$C$7)) -> 0.25 | AM94: =IF(OR(W94="",'4_BENCHMARK'!$C$8=""),"",ABS(W94-'4_BENCHMARK'!$C$8)) -> 1 | AN94: =IF(OR(X94="",'4_BENCHMARK'!$C$9=""),"",ABS(X94-'4_BENCHMARK'!$C$9)) -> 0.5 | AO94: =IF(OR(Y94="",'4_BENCHMARK'!$C$10=""),"",ABS(Y94-'4_BENCHMARK'!$C$10)) -> 0.25 | AP94: =IF(OR(Z94="",'4_BENCHMARK'!$C$11=""),"",ABS(Z94-'4_BENCHMARK'!$C$11)) -> 0.25 | AQ94: =IF(COUNT(AI94:AP94)<8,"",1-AVERAGE(AI94:AP94)) -> 0.71875 | AS94: suitcase | AT94: =IF(COUNT(AI94:AL94,AO94:AP94)<6,"",1-AVERAGE(AI94:AL94,AO94:AP94)) -> 0.875 | AU94: =IF(AND($I94="yes",$C94<=1949,K94<>""),K94,"") | AV94: =IF(AND($I94="yes",$C94<=1949,L94<>""),L94,"") | AW94: =IF(AND($I94="yes",$C94<=1949,M94<>""),M94,"") | AX94: =IF(AND($I94="yes",$C94<=1949,N94<>""),N94,"") | AY94: =IF(AND($I94="yes",$C94<=1949,O94<>""),O94,"") | AZ94: =IF(AND($I94="yes",$C94<=1949,P94<>""),P94,"") | BA94: =IF(AND($I94="yes",$C94<=1949,Q94<>""),Q94,"") | BB94: =IF(AND($I94="yes",$C94<=1949,R94<>""),R94,"") | BC94: =IF(AND($I94="yes",$C94>=2000,K94<>""),K94,"") -> 5 | BD94: =IF(AND($I94="yes",$C94>=2000,L94<>""),L94,"") -> 5 | BE94: =IF(AND($I94="yes",$C94>=2000,M94<>""),M94,"") -> 5 | BF94: =IF(AND($I94="yes",$C94>=2000,N94<>""),N94,"") -> 4 | BG94: =IF(AND($I94="yes",$C94>=2000,O94<>""),O94,"") -> 5 | BH94: =IF(AND($I94="yes",$C94>=2000,P94<>""),P94,"") -> 3 | BI94: =IF(AND($I94="yes",$C94>=2000,Q94<>""),Q94,"") -> 2 | BJ94: =IF(AND($I94="yes",$C94>=2000,R94<>""),R94,"") -> 4
